"index","event_id","game_id","device_id","user_id","event_time"
"0","1","3","4","73","2021-06-11T02:07:04.000"
"1","2","3","5","141","2023-05-28T16:15:07.000"
"2","3","4","1","70","2023-08-31T13:28:50.000"
"3","4","","2","262","2020-06-18T17:50:41.000"
"4","5","1","2","340","2021-01-21T06:34:48.000"
"5","6","","2","308","2020-10-24T14:59:44.000"
"6","7","","4","245","2020-10-22T11:30:07.000"
"7","8","4","5","3","2022-04-13T02:10:55.000"
"8","9","3","4","337","2021-11-27T21:31:31.000"
"9","10","","3","63","2020-08-05T18:22:29.000"
"10","11","1","2","49","2021-10-17T08:53:15.000"
"11","12","","3","76","2020-10-12T00:55:47.000"
"12","13","3","1","175","2021-03-08T16:54:56.000"
"13","14","1","1","109","2021-12-19T16:01:28.000"
"14","15","2","4","183","2021-01-23T01:27:33.000"
"15","16","3","5","192","2023-09-20T11:11:57.000"
"16","17","3","3","65","2023-12-05T05:50:11.000"
"17","18","","5","337","2020-04-27T02:33:08.000"
"18","19","4","4","271","2021-11-19T09:06:41.000"
"19","20","3","1","100","2023-06-09T05:15:09.000"
"20","21","3","5","32","2023-08-31T01:25:19.000"
"21","22","2","5","128","2023-08-22T16:45:31.000"
"22","23","3","1","339","2022-05-04T21:36:53.000"
"23","24","","3","43","2020-06-01T02:18:07.000"
"24","25","","1","78","2020-03-19T14:04:10.000"
"25","26","2","5","314","2022-10-10T01:43:25.000"
"26","27","2","3","289","2022-04-19T18:34:44.000"
"27","28","2","3","270","2023-07-22T17:22:03.000"
"28","29","","1","162","2020-01-23T22:12:45.000"
"29","30","","5","189","2020-05-24T21:05:17.000"
"30","31","2","4","247","2023-12-10T01:27:51.000"
"31","32","1","5","216","2023-03-16T14:57:29.000"
"32","33","4","2","315","2023-08-11T09:40:13.000"
"33","34","1","4","339","2021-01-02T04:51:58.000"
"34","35","","3","168","2020-09-15T08:31:39.000"
"35","36","3","4","339","2021-09-23T08:12:51.000"
"36","37","1","3","193","2022-01-24T10:00:48.000"
"37","38","1","3","283","2022-01-17T18:20:33.000"
"38","39","","4","336","2020-11-28T01:04:36.000"
"39","40","3","3","13","2023-09-05T04:30:11.000"
"40","41","3","3","240","2021-09-14T23:51:56.000"
"41","42","3","2","320","2023-11-02T21:30:31.000"
"42","43","","5","147","2020-04-01T02:05:10.000"
"43","44","","5","204","2020-09-12T18:07:00.000"
"44","45","1","2","80","2021-08-11T17:08:31.000"
"45","46","","4","43","2020-01-04T08:21:29.000"
"46","47","1","1","89","2021-08-29T11:58:41.000"
"47","48","3","1","148","2021-02-15T23:29:11.000"
"48","49","4","1","95","2023-12-10T07:05:50.000"
"49","50","4","2","151","2023-05-03T00:16:14.000"
"50","51","2","2","2","2023-05-04T15:44:38.000"
"51","52","3","3","22","2021-12-07T19:56:29.000"
"52","53","2","1","313","2021-03-19T02:51:43.000"
"53","54","4","4","328","2021-10-19T02:51:43.000"
"54","55","2","4","7","2022-12-18T02:48:48.000"
"55","56","3","1","206","2023-02-08T19:12:43.000"
"56","57","3","1","114","2023-05-01T21:50:04.000"
"57","58","3","1","272","2022-05-13T08:32:41.000"
"58","59","1","2","83","2022-10-25T04:21:03.000"
"59","60","2","2","179","2023-01-21T00:12:06.000"
"60","61","4","2","210","2022-01-26T00:25:31.000"
"61","62","","5","328","2020-08-28T11:14:38.000"
"62","63","","4","124","2020-10-21T23:54:20.000"
"63","64","4","4","113","2021-04-05T22:04:10.000"
"64","65","","3","12","2020-12-04T04:28:39.000"
"65","66","","2","126","2020-03-31T20:24:54.000"
"66","67","4","5","53","2022-06-18T17:24:22.000"
"67","68","1","5","331","2023-02-16T22:16:12.000"
"68","69","1","4","283","2022-04-22T06:30:08.000"
"69","70","","2","140","2020-04-04T16:39:46.000"
"70","71","3","3","97","2023-03-07T22:33:00.000"
"71","72","4","2","5","2021-05-02T04:02:05.000"
"72","73","","1","57","2020-03-29T19:16:33.000"
"73","74","","2","334","2020-03-18T21:26:30.000"
"74","75","1","1","69","2022-06-26T11:43:09.000"
"75","76","3","1","118","2022-01-10T15:57:51.000"
"76","77","4","3","59","2022-02-20T03:37:15.000"
"77","78","2","4","33","2023-11-29T05:14:11.000"
"78","79","3","2","318","2023-08-17T15:42:06.000"
"79","80","1","1","50","2022-04-05T01:49:03.000"
"80","81","","2","19","2020-09-01T13:31:03.000"
"81","82","","4","214","2020-03-29T08:37:27.000"
"82","83","1","4","197","2022-02-27T21:13:07.000"
"83","84","","5","47","2020-05-04T10:46:18.000"
"84","85","3","4","167","2023-08-15T12:21:02.000"
"85","86","","3","289","2020-10-15T16:03:24.000"
"86","87","","1","141","2020-04-16T10:39:37.000"
"87","88","3","5","84","2022-07-13T08:31:00.000"
"88","89","","3","182","2020-04-15T13:45:52.000"
"89","90","1","2","79","2022-11-14T21:44:54.000"
"90","91","2","1","215","2023-08-31T18:56:55.000"
"91","92","","4","14","2020-12-31T09:02:12.000"
"92","93","4","1","215","2021-09-19T05:50:37.000"
"93","94","","2","128","2020-07-05T05:41:48.000"
"94","95","2","5","310","2023-10-15T00:19:00.000"
"95","96","3","5","248","2022-06-03T23:02:19.000"
"96","97","2","5","29","2021-01-17T11:34:24.000"
"97","98","1","4","280","2022-06-18T07:40:00.000"
"98","99","3","3","338","2022-07-12T13:16:50.000"
"99","100","","3","319","2020-03-02T17:40:35.000"
"100","101","4","1","202","2022-08-20T04:12:59.000"
"101","102","","4","57","2020-05-07T08:33:46.000"
"102","103","1","5","218","2021-10-13T05:50:15.000"
"103","104","1","5","62","2022-10-18T04:38:52.000"
"104","105","4","2","157","2022-06-25T16:52:48.000"
"105","106","4","2","202","2022-05-28T01:11:13.000"
"106","107","2","5","17","2022-03-23T02:45:08.000"
"107","108","3","5","322","2021-05-06T11:07:21.000"
"108","109","4","4","6","2023-12-23T00:22:30.000"
"109","110","4","3","58","2021-02-09T02:02:59.000"
"110","111","","2","325","2020-11-13T07:20:05.000"
"111","112","3","3","318","2022-11-06T09:11:38.000"
"112","113","4","4","169","2023-01-17T13:33:56.000"
"113","114","4","5","82","2021-05-03T01:37:24.000"
"114","115","2","3","219","2021-01-05T18:51:26.000"
"115","116","1","5","177","2021-02-16T14:49:36.000"
"116","117","1","5","204","2021-09-06T19:57:57.000"
"117","118","","1","71","2020-07-22T07:29:45.000"
"118","119","1","3","266","2022-11-09T10:25:35.000"
"119","120","1","3","98","2022-09-29T18:00:49.000"
"120","121","4","5","345","2021-04-11T00:42:06.000"
"121","122","3","4","291","2021-12-11T06:34:03.000"
"122","123","3","1","208","2021-05-06T03:56:24.000"
"123","124","2","5","2","2023-12-14T04:18:49.000"
"124","125","2","2","124","2023-03-13T23:32:23.000"
"125","126","4","2","280","2023-12-24T14:42:10.000"
"126","127","","1","74","2020-04-22T16:36:12.000"
"127","128","","4","166","2020-01-15T11:18:19.000"
"128","129","3","5","22","2021-12-12T22:07:21.000"
"129","130","3","3","154","2022-08-22T22:29:43.000"
"130","131","1","1","295","2022-05-24T13:55:27.000"
"131","132","","4","219","2020-06-04T07:34:16.000"
"132","133","","3","157","2020-04-23T19:21:27.000"
"133","134","4","2","230","2022-04-15T04:27:48.000"
"134","135","","2","20","2020-11-27T02:58:07.000"
"135","136","4","3","41","2022-02-24T20:44:54.000"
"136","137","1","1","148","2021-02-15T23:23:17.000"
"137","138","","2","108","2020-07-24T18:20:19.000"
"138","139","4","5","84","2023-12-20T18:25:53.000"
"139","140","4","3","322","2021-06-26T03:59:32.000"
"140","141","2","3","309","2023-09-30T08:59:48.000"
"141","142","","2","290","2020-04-16T20:43:33.000"
"142","143","3","1","323","2023-09-27T21:34:14.000"
"143","144","4","5","134","2021-01-14T11:34:59.000"
"144","145","2","1","207","2021-07-28T00:58:06.000"
"145","146","3","4","283","2021-03-18T17:06:00.000"
"146","147","","4","266","2020-09-02T01:13:41.000"
"147","148","1","2","73","2021-11-11T16:42:17.000"
"148","149","2","2","48","2023-07-19T04:15:53.000"
"149","150","2","2","326","2022-04-23T20:38:00.000"
"150","151","3","4","233","2022-12-28T21:52:10.000"
"151","152","1","1","100","2021-04-14T22:39:23.000"
"152","153","2","1","59","2022-08-08T04:59:59.000"
"153","154","4","2","258","2023-06-07T18:52:00.000"
"154","155","4","5","65","2022-10-12T22:00:15.000"
"155","156","4","1","83","2022-04-01T16:20:18.000"
"156","157","","4","154","2020-01-13T03:39:59.000"
"157","158","1","3","266","2022-11-03T11:44:41.000"
"158","159","2","3","309","2023-06-23T07:51:00.000"
"159","160","4","3","79","2022-05-11T13:04:18.000"
"160","161","1","5","315","2021-04-10T01:38:55.000"
"161","162","4","2","150","2023-12-18T10:22:58.000"
"162","163","3","4","48","2022-10-27T12:55:26.000"
"163","164","","5","248","2020-06-09T21:59:04.000"
"164","165","2","4","278","2023-12-29T13:50:51.000"
"165","166","2","4","98","2023-09-26T02:56:46.000"
"166","167","","2","25","2020-07-27T14:44:08.000"
"167","168","1","3","284","2021-02-14T20:00:15.000"
"168","169","","2","301","2020-06-28T07:29:33.000"
"169","170","1","5","68","2023-10-14T02:53:38.000"
"170","171","","5","7","2020-06-15T06:35:25.000"
"171","172","2","5","305","2023-02-27T07:18:00.000"
"172","173","4","2","137","2022-05-09T09:40:20.000"
"173","174","","4","164","2020-08-29T11:31:05.000"
"174","175","4","4","83","2021-02-27T01:52:38.000"
"175","176","3","1","138","2021-03-13T16:38:06.000"
"176","177","4","5","73","2022-07-28T13:41:25.000"
"177","178","","4","237","2020-11-23T04:50:33.000"
"178","179","1","1","46","2023-01-19T18:31:17.000"
"179","180","1","4","106","2021-06-16T15:30:13.000"
"180","181","","5","288","2020-11-12T06:39:28.000"
"181","182","4","3","262","2022-12-03T23:45:02.000"
"182","183","1","5","176","2022-09-12T06:06:17.000"
"183","184","2","2","166","2023-08-17T22:53:40.000"
"184","185","2","4","145","2021-02-14T02:01:59.000"
"185","186","4","4","330","2022-02-24T03:00:55.000"
"186","187","2","2","283","2022-01-28T21:47:15.000"
"187","188","2","2","54","2021-01-25T02:28:43.000"
"188","189","3","3","178","2023-11-07T09:23:26.000"
"189","190","3","4","244","2023-11-11T18:37:23.000"
"190","191","2","4","341","2023-08-07T09:01:58.000"
"191","192","","3","127","2020-03-19T21:55:12.000"
"192","193","","1","271","2020-05-23T09:08:10.000"
"193","194","4","3","132","2022-09-12T07:50:17.000"
"194","195","3","5","93","2021-10-20T00:02:57.000"
"195","196","1","4","73","2023-07-12T08:20:16.000"
"196","197","1","2","248","2021-03-05T19:23:11.000"
"197","198","","5","348","2020-03-09T11:40:25.000"
"198","199","","4","273","2020-01-06T12:11:34.000"
"199","200","1","3","43","2021-06-02T03:53:20.000"
"200","201","4","5","41","2023-04-12T21:24:30.000"
"201","202","","4","170","2020-07-22T05:18:37.000"
"202","203","2","1","212","2022-09-16T17:18:29.000"
"203","204","1","1","168","2021-02-10T22:24:00.000"
"204","205","","2","39","2020-09-08T00:12:45.000"
"205","206","4","4","245","2023-02-25T11:05:28.000"
"206","207","3","1","151","2021-11-17T08:49:18.000"
"207","208","2","3","111","2022-05-07T00:08:12.000"
"208","209","3","4","47","2023-01-01T05:11:21.000"
"209","210","4","3","63","2021-10-26T09:19:26.000"
"210","211","1","3","225","2022-05-21T08:07:25.000"
"211","212","","1","69","2020-01-16T00:30:45.000"
"212","213","","4","299","2020-06-22T18:57:38.000"
"213","214","","5","290","2020-04-26T21:17:39.000"
"214","215","1","1","296","2023-10-03T20:35:33.000"
"215","216","4","1","203","2022-12-09T11:04:43.000"
"216","217","1","4","61","2023-11-05T04:53:59.000"
"217","218","","4","318","2020-08-19T13:08:47.000"
"218","219","2","3","314","2022-04-27T13:04:49.000"
"219","220","","4","161","2020-02-25T23:13:34.000"
"220","221","4","3","331","2023-07-20T11:57:27.000"
"221","222","3","1","16","2021-07-27T13:22:10.000"
"222","223","4","2","338","2022-06-23T21:31:50.000"
"223","224","2","5","94","2022-05-08T07:37:43.000"
"224","225","","1","304","2020-08-18T01:20:11.000"
"225","226","2","4","138","2021-10-29T15:36:36.000"
"226","227","","5","338","2020-07-16T23:30:48.000"
"227","228","","2","38","2020-03-05T23:29:34.000"
"228","229","4","2","127","2021-04-23T20:42:15.000"
"229","230","4","3","275","2021-07-20T11:11:37.000"
"230","231","1","5","164","2023-10-28T12:27:32.000"
"231","232","2","3","319","2023-12-20T12:02:32.000"
"232","233","4","1","77","2023-05-21T17:35:26.000"
"233","234","4","5","174","2023-08-30T01:19:05.000"
"234","235","","1","321","2020-03-02T23:23:19.000"
"235","236","2","3","91","2023-10-28T10:20:22.000"
"236","237","4","5","238","2021-07-09T20:05:42.000"
"237","238","","3","264","2020-11-22T08:13:15.000"
"238","239","1","5","179","2022-11-25T13:17:21.000"
"239","240","2","3","209","2021-01-22T15:08:34.000"
"240","241","1","2","73","2022-11-02T01:04:47.000"
"241","242","","3","107","2020-06-08T16:25:26.000"
"242","243","1","2","345","2021-07-03T10:05:42.000"
"243","244","1","3","295","2023-04-26T20:50:29.000"
"244","245","1","5","284","2022-05-19T17:58:13.000"
"245","246","2","5","182","2023-10-05T10:55:50.000"
"246","247","1","5","37","2023-09-20T19:39:14.000"
"247","248","1","4","137","2021-09-23T06:50:49.000"
"248","249","4","1","338","2022-08-22T03:56:17.000"
"249","250","2","5","56","2023-03-10T06:33:02.000"
"250","251","","2","187","2020-08-28T02:09:57.000"
"251","252","2","5","341","2023-12-09T02:58:36.000"
"252","253","3","4","258","2023-12-15T12:28:37.000"
"253","254","2","2","58","2021-01-02T18:12:26.000"
"254","255","2","4","123","2023-09-05T02:50:12.000"
"255","256","","2","188","2020-09-09T10:30:17.000"
"256","257","3","3","230","2023-05-27T13:56:59.000"
"257","258","2","1","168","2023-06-13T11:45:38.000"
"258","259","","1","114","2020-10-02T00:59:26.000"
"259","260","2","4","252","2023-10-01T05:34:40.000"
"260","261","2","1","107","2021-10-02T11:26:59.000"
"261","262","","4","37","2020-02-08T12:06:09.000"
"262","263","","4","335","2020-10-05T15:03:00.000"
"263","264","2","4","92","2023-02-18T05:06:49.000"
"264","265","3","1","18","2023-12-07T03:23:04.000"
"265","266","2","4","63","2021-05-31T00:46:18.000"
"266","267","2","1","150","2023-04-30T09:28:57.000"
"267","268","3","4","139","2023-12-16T23:19:53.000"
"268","269","4","5","186","2021-10-01T13:46:45.000"
"269","270","1","4","185","2023-05-31T05:29:37.000"
"270","271","4","2","205","2022-11-06T15:56:52.000"
"271","272","3","4","260","2023-09-04T06:38:30.000"
"272","273","1","3","214","2023-02-15T20:55:52.000"
"273","274","3","4","256","2023-06-13T10:55:31.000"
"274","275","3","2","135","2021-01-20T12:20:43.000"
"275","276","2","2","61","2021-02-18T11:14:16.000"
"276","277","","1","310","2020-09-04T07:19:32.000"
"277","278","1","5","88","2023-05-08T03:26:57.000"
"278","279","2","4","324","2022-12-25T09:32:45.000"
"279","280","","1","207","2020-06-16T22:05:49.000"
"280","281","1","5","129","2021-08-17T06:11:20.000"
"281","282","3","4","311","2023-09-16T20:44:04.000"
"282","283","","3","3","2020-03-01T03:45:28.000"
"283","284","3","4","242","2023-08-26T18:40:35.000"
"284","285","4","2","121","2022-01-01T04:35:45.000"
"285","286","","2","102","2020-12-11T12:55:48.000"
"286","287","","3","38","2020-11-06T00:36:51.000"
"287","288","1","1","341","2023-06-22T12:33:18.000"
"288","289","2","5","133","2023-11-27T18:22:07.000"
"289","290","4","4","202","2021-12-16T01:20:54.000"
"290","291","4","2","348","2021-06-27T04:12:39.000"
"291","292","4","1","21","2021-04-19T02:20:24.000"
"292","293","2","3","242","2023-06-28T15:48:48.000"
"293","294","4","2","109","2023-05-20T12:37:45.000"
"294","295","2","3","303","2023-09-15T13:16:38.000"
"295","296","","4","84","2020-12-19T13:22:29.000"
"296","297","","5","83","2020-12-12T07:11:32.000"
"297","298","","2","291","2020-02-06T18:16:26.000"
"298","299","4","2","69","2022-10-22T07:49:14.000"
"299","300","","4","129","2020-10-27T00:24:01.000"
"300","301","2","1","196","2021-09-10T23:53:18.000"
"301","302","3","5","140","2021-05-24T22:29:33.000"
"302","303","3","2","283","2021-03-08T19:04:29.000"
"303","304","3","5","312","2023-09-04T17:24:48.000"
"304","305","","2","234","2020-04-17T20:11:35.000"
"305","306","3","5","23","2023-04-16T07:42:24.000"
"306","307","3","3","153","2021-03-09T14:32:02.000"
"307","308","4","2","277","2021-06-29T11:40:35.000"
"308","309","4","5","61","2022-09-23T12:10:21.000"
"309","310","4","1","319","2022-03-02T08:01:12.000"
"310","311","2","3","52","2021-09-12T21:05:24.000"
"311","312","2","3","344","2022-11-21T14:16:17.000"
"312","313","2","1","153","2023-08-03T13:58:04.000"
"313","314","2","5","237","2022-04-12T23:34:17.000"
"314","315","3","4","311","2021-05-29T10:09:42.000"
"315","316","3","1","302","2023-12-30T01:17:55.000"
"316","317","","5","32","2020-02-12T21:01:21.000"
"317","318","","1","55","2020-06-28T04:15:07.000"
"318","319","3","1","36","2023-09-24T10:21:42.000"
"319","320","1","2","110","2021-02-09T18:48:30.000"
"320","321","","5","177","2020-10-04T09:29:26.000"
"321","322","4","4","314","2022-06-20T21:57:14.000"
"322","323","2","2","295","2021-02-16T09:18:12.000"
"323","324","","1","336","2020-02-29T10:19:54.000"
"324","325","","1","97","2020-06-17T09:32:23.000"
"325","326","2","1","213","2022-07-15T17:47:18.000"
"326","327","3","5","317","2021-11-06T01:42:40.000"
"327","328","2","5","137","2021-06-21T00:08:58.000"
"328","329","2","2","6","2023-02-05T18:07:42.000"
"329","330","4","4","109","2023-05-06T16:10:03.000"
"330","331","3","2","35","2021-05-02T06:44:16.000"
"331","332","4","3","39","2021-11-08T21:56:35.000"
"332","333","1","1","150","2022-07-30T17:06:14.000"
"333","334","1","1","118","2022-03-05T11:14:01.000"
"334","335","","1","261","2020-06-28T15:35:14.000"
"335","336","1","2","87","2021-08-21T09:07:35.000"
"336","337","3","2","76","2023-10-29T07:58:01.000"
"337","338","2","1","313","2022-06-14T16:45:37.000"
"338","339","","2","214","2020-10-22T06:39:01.000"
"339","340","3","5","285","2021-01-30T16:44:36.000"
"340","341","","5","239","2020-03-09T22:50:59.000"
"341","342","3","2","165","2023-01-06T01:25:50.000"
"342","343","2","1","87","2021-11-08T09:24:09.000"
"343","344","","2","141","2020-01-03T15:03:19.000"
"344","345","4","2","160","2022-03-18T16:02:07.000"
"345","346","1","2","46","2023-12-08T19:56:35.000"
"346","347","4","3","112","2023-06-06T20:54:16.000"
"347","348","1","5","45","2022-04-16T10:56:43.000"
"348","349","3","4","247","2022-12-02T23:53:25.000"
"349","350","1","4","104","2023-01-22T14:17:39.000"
"350","351","3","3","85","2023-02-26T13:54:13.000"
"351","352","4","2","134","2023-02-18T22:45:24.000"
"352","353","3","3","108","2022-11-07T18:50:34.000"
"353","354","","3","18","2020-11-02T02:00:07.000"
"354","355","4","1","94","2021-07-19T19:09:38.000"
"355","356","2","5","150","2021-10-31T23:55:57.000"
"356","357","","4","246","2020-04-18T16:48:45.000"
"357","358","2","2","289","2022-10-28T20:34:32.000"
"358","359","2","4","209","2023-12-01T08:49:32.000"
"359","360","3","4","126","2021-05-27T22:44:58.000"
"360","361","2","5","235","2022-08-26T00:55:03.000"
"361","362","1","4","122","2021-05-02T15:37:24.000"
"362","363","4","4","138","2022-10-27T12:52:39.000"
"363","364","4","3","115","2023-08-10T08:18:04.000"
"364","365","","5","162","2020-07-12T14:22:06.000"
"365","366","1","1","201","2023-01-23T02:23:01.000"
"366","367","3","2","234","2023-10-30T04:10:41.000"
"367","368","3","4","28","2021-04-11T12:49:32.000"
"368","369","4","2","11","2022-02-26T18:53:50.000"
"369","370","2","1","206","2021-04-25T10:58:04.000"
"370","371","3","2","167","2022-11-01T23:34:10.000"
"371","372","3","1","247","2021-09-26T09:59:28.000"
"372","373","1","3","47","2021-05-21T16:58:48.000"
"373","374","1","4","246","2021-09-17T02:34:25.000"
"374","375","2","1","127","2022-12-19T01:48:49.000"
"375","376","3","2","147","2021-04-04T06:49:29.000"
"376","377","3","4","118","2022-05-11T05:59:43.000"
"377","378","","3","152","2020-07-16T17:37:59.000"
"378","379","","4","72","2020-10-25T00:19:01.000"
"379","380","1","1","137","2021-10-15T03:22:31.000"
"380","381","3","3","175","2022-10-29T22:21:57.000"
"381","382","4","2","289","2021-08-11T23:33:37.000"
"382","383","1","3","19","2022-11-18T04:14:35.000"
"383","384","2","3","195","2023-03-08T04:28:40.000"
"384","385","1","5","330","2023-11-03T11:01:49.000"
"385","386","","3","175","2020-09-27T08:12:34.000"
"386","387","3","3","141","2022-08-14T04:03:33.000"
"387","388","2","4","246","2022-06-03T01:46:54.000"
"388","389","1","2","93","2021-04-12T12:13:28.000"
"389","390","4","4","239","2021-09-22T19:34:46.000"
"390","391","4","4","205","2022-05-01T04:34:47.000"
"391","392","1","1","48","2023-07-19T03:31:38.000"
"392","393","","4","245","2020-01-01T15:08:04.000"
"393","394","4","5","320","2021-04-17T01:16:45.000"
"394","395","4","5","317","2021-03-21T16:55:07.000"
"395","396","","1","295","2020-11-22T12:10:42.000"
"396","397","4","2","128","2021-10-29T19:23:30.000"
"397","398","2","2","344","2023-05-05T15:12:44.000"
"398","399","4","4","282","2022-06-19T23:23:59.000"
"399","400","4","4","17","2022-07-31T09:58:57.000"
"400","401","4","4","71","2022-10-14T01:11:41.000"
"401","402","2","2","269","2021-05-15T14:19:19.000"
"402","403","1","3","325","2021-12-23T08:00:58.000"
"403","404","3","5","282","2021-11-17T06:58:35.000"
"404","405","4","3","305","2021-11-17T20:54:43.000"
"405","406","1","3","7","2022-11-15T13:12:32.000"
"406","407","","2","314","2020-11-27T23:21:56.000"
"407","408","4","3","305","2022-03-05T01:56:52.000"
"408","409","2","1","103","2022-01-05T01:39:34.000"
"409","410","1","4","309","2023-05-18T00:36:01.000"
"410","411","2","1","193","2023-10-31T22:27:22.000"
"411","412","4","5","241","2023-05-21T13:57:14.000"
"412","413","4","4","62","2023-02-17T06:37:53.000"
"413","414","","3","17","2020-09-20T14:33:13.000"
"414","415","2","5","171","2022-10-20T11:44:10.000"
"415","416","","4","25","2020-05-11T17:24:24.000"
"416","417","3","3","251","2021-03-16T20:19:26.000"
"417","418","2","1","253","2022-03-11T17:26:37.000"
"418","419","4","4","207","2022-10-28T06:15:53.000"
"419","420","2","3","29","2022-09-10T05:44:43.000"
"420","421","3","1","117","2022-08-19T23:42:58.000"
"421","422","2","5","282","2021-06-04T16:43:26.000"
"422","423","","5","144","2020-05-25T01:43:37.000"
"423","424","3","5","25","2023-06-25T09:02:17.000"
"424","425","3","5","310","2023-03-12T20:27:34.000"
"425","426","","2","156","2020-12-30T20:32:09.000"
"426","427","2","4","73","2022-11-11T03:38:26.000"
"427","428","2","4","120","2021-04-27T05:16:35.000"
"428","429","","2","312","2020-12-14T23:12:39.000"
"429","430","1","3","321","2023-06-06T22:50:39.000"
"430","431","","3","93","2020-11-05T08:06:07.000"
"431","432","","5","86","2020-08-16T21:45:14.000"
"432","433","","1","336","2020-02-07T22:38:40.000"
"433","434","","3","118","2020-03-12T18:58:20.000"
"434","435","4","1","233","2021-01-15T08:23:29.000"
"435","436","3","4","199","2022-01-08T02:22:00.000"
"436","437","1","1","206","2022-08-07T13:56:43.000"
"437","438","2","4","339","2023-08-13T00:31:02.000"
"438","439","4","2","147","2023-04-08T19:21:33.000"
"439","440","","2","271","2020-04-23T03:13:59.000"
"440","441","1","5","139","2021-12-08T11:08:43.000"
"441","442","3","3","181","2021-10-05T19:28:50.000"
"442","443","1","5","30","2023-10-08T13:34:42.000"
"443","444","3","4","57","2022-09-05T07:21:18.000"
"444","445","2","5","232","2022-06-13T06:34:00.000"
"445","446","","1","146","2020-10-29T01:04:15.000"
"446","447","4","4","48","2023-01-20T21:52:36.000"
"447","448","4","2","194","2022-12-17T17:58:05.000"
"448","449","4","3","224","2021-08-19T11:45:17.000"
"449","450","2","4","136","2022-02-06T23:43:00.000"
"450","451","3","4","22","2021-09-12T20:08:19.000"
"451","452","2","1","6","2021-01-14T00:23:57.000"
"452","453","","3","204","2020-08-17T05:51:30.000"
"453","454","4","2","239","2022-10-16T03:36:55.000"
"454","455","2","4","185","2022-12-04T04:25:18.000"
"455","456","","4","292","2020-01-09T14:43:32.000"
"456","457","2","1","335","2023-10-18T16:46:13.000"
"457","458","2","5","220","2023-03-12T13:59:05.000"
"458","459","3","2","116","2023-08-29T15:32:57.000"
"459","460","1","3","313","2023-04-11T05:24:09.000"
"460","461","1","4","49","2023-10-07T12:32:08.000"
"461","462","","4","173","2020-06-14T13:51:44.000"
"462","463","2","2","82","2023-04-24T05:36:58.000"
"463","464","1","5","322","2021-10-22T10:35:56.000"
"464","465","","4","333","2020-12-05T22:59:20.000"
"465","466","","2","45","2020-09-30T05:31:50.000"
"466","467","1","1","335","2023-06-03T03:23:17.000"
"467","468","2","5","20","2022-12-17T01:28:17.000"
"468","469","2","3","221","2022-03-15T14:51:52.000"
"469","470","4","4","123","2021-12-22T15:40:30.000"
"470","471","","2","234","2020-03-19T00:16:37.000"
"471","472","1","1","221","2022-05-15T21:35:39.000"
"472","473","3","3","323","2021-01-22T02:47:06.000"
"473","474","2","2","339","2023-11-26T05:45:40.000"
"474","475","4","2","3","2023-08-10T20:16:17.000"
"475","476","","3","182","2020-07-07T12:34:35.000"
"476","477","3","1","206","2021-12-10T02:07:49.000"
"477","478","","1","320","2020-07-26T03:14:31.000"
"478","479","1","5","40","2023-05-29T22:58:35.000"
"479","480","4","4","59","2021-12-22T19:09:19.000"
"480","481","2","3","62","2022-11-03T01:06:06.000"
"481","482","3","3","132","2022-04-05T02:01:54.000"
"482","483","2","3","60","2022-05-18T06:14:42.000"
"483","484","1","1","331","2022-07-14T00:04:17.000"
"484","485","3","4","122","2021-05-07T21:43:30.000"
"485","486","1","5","107","2023-03-19T05:45:40.000"
"486","487","1","2","96","2023-10-16T18:46:02.000"
"487","488","4","2","347","2021-11-18T12:19:59.000"
"488","489","2","3","235","2022-08-09T17:20:02.000"
"489","490","3","4","62","2023-06-20T01:38:41.000"
"490","491","1","1","256","2023-01-22T08:28:36.000"
"491","492","1","4","49","2023-10-17T16:55:37.000"
"492","493","3","4","348","2022-02-23T03:29:38.000"
"493","494","1","1","159","2021-10-24T22:02:54.000"
"494","495","4","3","124","2023-07-14T05:51:46.000"
"495","496","4","4","317","2023-11-09T17:59:41.000"
"496","497","4","2","207","2022-05-01T02:08:48.000"
"497","498","4","1","48","2021-11-23T16:51:51.000"
"498","499","1","5","136","2023-10-25T18:20:33.000"
"499","500","","3","201","2020-09-04T05:50:12.000"
"500","501","3","1","250","2023-03-01T05:29:03.000"
"501","502","3","5","314","2023-08-31T06:51:29.000"
"502","503","3","5","318","2022-01-07T09:08:44.000"
"503","504","3","4","295","2021-11-30T03:49:00.000"
"504","505","2","4","314","2021-02-06T15:21:40.000"
"505","506","3","4","209","2023-03-13T20:16:12.000"
"506","507","2","1","211","2021-01-19T01:45:55.000"
"507","508","2","1","192","2023-07-28T16:21:28.000"
"508","509","4","3","44","2022-09-17T13:44:29.000"
"509","510","2","4","29","2021-03-06T18:54:59.000"
"510","511","1","5","59","2023-04-04T15:36:12.000"
"511","512","2","2","71","2023-04-23T01:49:09.000"
"512","513","4","3","92","2022-03-20T19:27:56.000"
"513","514","2","1","265","2022-01-22T19:05:10.000"
"514","515","1","3","220","2022-08-31T14:52:31.000"
"515","516","1","3","215","2021-01-06T15:43:56.000"
"516","517","1","3","277","2021-03-02T13:44:05.000"
"517","518","4","3","64","2021-11-14T07:38:20.000"
"518","519","","2","346","2020-04-30T08:47:19.000"
"519","520","4","4","292","2023-01-13T10:52:50.000"
"520","521","3","5","245","2021-03-19T20:43:03.000"
"521","522","","3","62","2020-12-30T06:33:15.000"
"522","523","4","3","332","2021-02-26T02:16:24.000"
"523","524","1","3","170","2021-06-05T17:18:13.000"
"524","525","1","4","269","2021-05-11T15:38:11.000"
"525","526","4","1","267","2023-10-19T06:27:12.000"
"526","527","2","1","54","2022-04-19T02:20:04.000"
"527","528","","2","16","2020-05-05T04:09:10.000"
"528","529","","1","8","2020-08-02T22:57:32.000"
"529","530","","3","104","2020-08-22T07:22:28.000"
"530","531","","3","59","2020-12-25T06:03:10.000"
"531","532","4","3","313","2021-08-18T00:35:26.000"
"532","533","4","2","40","2022-12-14T00:19:27.000"
"533","534","","3","237","2020-08-25T08:59:35.000"
"534","535","1","1","94","2023-01-02T09:12:52.000"
"535","536","","4","222","2020-11-28T08:44:29.000"
"536","537","","4","204","2020-04-09T18:37:30.000"
"537","538","3","5","138","2021-10-06T11:23:46.000"
"538","539","1","1","300","2021-09-25T04:24:21.000"
"539","540","3","3","207","2021-05-29T00:09:08.000"
"540","541","1","4","336","2022-04-22T22:00:34.000"
"541","542","4","1","81","2021-12-24T18:55:01.000"
"542","543","1","4","218","2021-10-07T21:11:13.000"
"543","544","","3","2","2020-04-06T17:26:02.000"
"544","545","","4","178","2020-11-17T07:20:41.000"
"545","546","1","5","346","2023-07-17T20:26:00.000"
"546","547","1","5","279","2021-10-14T16:05:08.000"
"547","548","4","4","146","2021-08-28T00:44:52.000"
"548","549","4","1","318","2023-11-06T14:49:24.000"
"549","550","4","1","224","2023-04-10T20:03:59.000"
"550","551","4","1","62","2022-06-26T08:03:31.000"
"551","552","3","4","294","2022-12-16T10:58:35.000"
"552","553","","1","239","2020-01-31T08:12:14.000"
"553","554","3","3","195","2023-08-23T21:17:06.000"
"554","555","2","5","166","2023-09-30T01:15:37.000"
"555","556","4","3","222","2023-04-04T07:26:04.000"
"556","557","3","1","61","2022-06-13T07:17:30.000"
"557","558","1","3","129","2021-08-13T21:37:57.000"
"558","559","4","1","173","2022-01-10T23:05:36.000"
"559","560","","4","156","2020-01-10T03:49:18.000"
"560","561","2","3","110","2021-06-30T10:31:07.000"
"561","562","2","4","269","2021-04-08T21:05:11.000"
"562","563","2","4","278","2023-03-16T11:35:19.000"
"563","564","1","2","74","2021-08-28T19:45:21.000"
"564","565","3","1","207","2023-08-18T18:50:44.000"
"565","566","1","5","279","2023-10-17T02:48:21.000"
"566","567","4","1","326","2023-07-22T06:13:23.000"
"567","568","2","5","340","2021-10-12T22:14:44.000"
"568","569","1","1","340","2022-04-16T02:19:01.000"
"569","570","1","4","204","2023-03-07T05:24:14.000"
"570","571","3","3","161","2023-02-15T05:08:34.000"
"571","572","3","3","28","2022-04-28T09:17:17.000"
"572","573","2","2","257","2023-05-27T13:14:48.000"
"573","574","1","5","165","2022-07-26T02:53:11.000"
"574","575","1","5","63","2023-10-26T16:49:59.000"
"575","576","","5","22","2020-12-08T14:16:42.000"
"576","577","3","4","70","2022-01-28T10:30:51.000"
"577","578","","5","96","2020-12-06T20:37:53.000"
"578","579","1","3","163","2021-02-27T23:45:57.000"
"579","580","1","4","79","2021-11-08T01:08:34.000"
"580","581","1","1","5","2022-01-24T10:02:45.000"
"581","582","","5","316","2020-02-15T02:07:25.000"
"582","583","3","5","120","2021-08-27T01:38:50.000"
"583","584","2","1","302","2021-06-06T03:49:03.000"
"584","585","4","5","178","2022-11-05T01:24:57.000"
"585","586","2","1","176","2022-11-21T00:14:40.000"
"586","587","4","4","217","2023-05-24T20:54:09.000"
"587","588","1","3","56","2021-09-20T02:01:04.000"
"588","589","2","1","187","2023-01-29T23:26:19.000"
"589","590","","2","232","2020-09-13T09:18:48.000"
"590","591","4","1","255","2023-07-29T16:19:20.000"
"591","592","3","5","104","2021-12-27T01:34:03.000"
"592","593","3","4","77","2023-11-29T10:59:47.000"
"593","594","","4","230","2020-07-17T06:18:32.000"
"594","595","2","1","258","2022-08-24T15:25:15.000"
"595","596","2","3","264","2022-04-09T17:34:20.000"
"596","597","","2","331","2020-02-11T21:22:55.000"
"597","598","1","4","182","2023-11-09T20:45:31.000"
"598","599","2","5","256","2021-09-04T02:08:23.000"
"599","600","1","5","38","2022-07-08T11:21:43.000"
"600","601","1","3","176","2022-05-26T18:03:29.000"
"601","602","3","4","27","2022-10-26T22:25:21.000"
"602","603","","1","276","2020-02-12T02:26:15.000"
"603","604","","5","140","2020-05-10T09:47:17.000"
"604","605","3","3","299","2022-09-25T11:26:37.000"
"605","606","4","4","287","2021-10-27T19:50:32.000"
"606","607","","4","91","2020-07-29T19:14:36.000"
"607","608","3","4","61","2023-09-08T14:33:39.000"
"608","609","3","4","347","2021-12-18T05:21:56.000"
"609","610","","4","163","2020-10-09T07:20:57.000"
"610","611","","5","143","2020-03-19T02:44:49.000"
"611","612","2","3","253","2021-02-08T03:19:49.000"
"612","613","3","4","269","2021-08-11T22:00:59.000"
"613","614","4","2","291","2021-05-23T12:35:31.000"
"614","615","","2","187","2020-11-24T19:16:02.000"
"615","616","2","3","304","2021-12-07T08:25:10.000"
"616","617","4","1","291","2021-05-22T17:41:41.000"
"617","618","3","1","86","2021-06-08T06:55:56.000"
"618","619","4","1","166","2023-03-28T12:42:01.000"
"619","620","2","2","114","2023-09-28T11:21:20.000"
"620","621","1","1","183","2021-08-11T22:50:59.000"
"621","622","4","5","207","2021-03-08T06:09:30.000"
"622","623","4","4","256","2023-03-14T04:57:29.000"
"623","624","2","2","235","2023-07-16T08:23:07.000"
"624","625","2","3","3","2021-10-16T21:04:33.000"
"625","626","4","3","208","2021-01-26T21:21:51.000"
"626","627","3","4","197","2023-07-20T23:44:06.000"
"627","628","","2","341","2020-05-07T05:41:08.000"
"628","629","4","1","125","2021-12-31T14:18:35.000"
"629","630","","1","138","2020-01-31T02:39:40.000"
"630","631","2","5","339","2023-03-09T13:38:54.000"
"631","632","1","5","25","2022-04-17T22:59:59.000"
"632","633","","1","68","2020-03-21T21:53:31.000"
"633","634","1","3","61","2021-06-27T15:28:02.000"
"634","635","","3","29","2020-12-14T07:36:29.000"
"635","636","3","5","19","2022-10-06T23:07:43.000"
"636","637","","4","171","2020-04-16T14:16:41.000"
"637","638","4","1","74","2023-04-28T14:28:44.000"
"638","639","1","5","61","2022-10-09T11:10:29.000"
"639","640","","5","153","2020-03-03T12:55:55.000"
"640","641","4","1","276","2023-03-17T15:51:07.000"
"641","642","","1","48","2020-02-18T04:52:55.000"
"642","643","2","3","211","2021-01-19T03:23:23.000"
"643","644","","4","343","2020-11-05T16:42:17.000"
"644","645","1","4","139","2023-07-27T16:43:09.000"
"645","646","","1","110","2020-02-01T15:49:19.000"
"646","647","3","2","183","2022-08-23T05:04:20.000"
"647","648","","5","28","2020-08-24T17:13:32.000"
"648","649","2","5","197","2021-01-05T13:36:00.000"
"649","650","","1","191","2020-07-15T01:51:32.000"
"650","651","3","2","315","2022-01-05T15:38:09.000"
"651","652","2","3","51","2022-11-05T23:14:05.000"
"652","653","","1","149","2020-06-26T16:44:51.000"
"653","654","1","1","268","2022-05-26T02:18:35.000"
"654","655","","5","50","2020-12-04T14:18:25.000"
"655","656","3","1","246","2021-12-23T09:43:24.000"
"656","657","3","1","113","2022-12-22T13:56:39.000"
"657","658","2","1","170","2021-02-02T01:27:26.000"
"658","659","3","5","166","2023-04-06T08:02:00.000"
"659","660","2","3","14","2021-07-27T01:24:32.000"
"660","661","","3","203","2020-09-17T15:37:57.000"
"661","662","2","1","288","2022-07-30T05:19:00.000"
"662","663","2","5","189","2022-08-01T07:49:38.000"
"663","664","2","3","155","2023-03-07T20:41:21.000"
"664","665","1","3","55","2023-01-20T22:17:55.000"
"665","666","","3","182","2020-06-26T22:05:41.000"
"666","667","2","5","210","2023-04-23T06:10:59.000"
"667","668","4","5","75","2023-06-26T17:45:42.000"
"668","669","","1","277","2020-09-11T09:37:54.000"
"669","670","3","4","133","2021-04-28T04:22:17.000"
"670","671","","3","343","2020-06-16T22:12:48.000"
"671","672","4","4","59","2022-06-17T22:55:50.000"
"672","673","","5","345","2020-02-09T21:21:39.000"
"673","674","1","5","182","2023-12-13T23:25:25.000"
"674","675","4","5","339","2021-04-29T14:36:32.000"
"675","676","3","4","321","2022-06-13T11:15:28.000"
"676","677","4","5","64","2022-11-18T05:20:13.000"
"677","678","1","1","327","2023-11-11T13:40:06.000"
"678","679","2","5","260","2021-08-06T00:27:27.000"
"679","680","4","2","193","2021-09-08T04:20:57.000"
"680","681","1","4","143","2023-01-15T17:40:49.000"
"681","682","","2","104","2020-11-04T02:16:12.000"
"682","683","","5","214","2020-04-28T01:21:14.000"
"683","684","1","1","242","2022-07-08T19:00:29.000"
"684","685","3","3","209","2022-12-08T19:58:17.000"
"685","686","3","5","93","2023-07-14T05:57:17.000"
"686","687","4","1","142","2022-09-01T09:17:29.000"
"687","688","2","4","112","2021-01-12T06:04:52.000"
"688","689","","2","59","2020-06-07T07:09:21.000"
"689","690","1","2","43","2022-12-19T01:14:20.000"
"690","691","4","2","207","2023-04-15T00:10:29.000"
"691","692","1","4","268","2021-04-13T11:49:02.000"
"692","693","1","1","296","2023-08-13T21:13:46.000"
"693","694","2","4","118","2022-11-28T23:01:33.000"
"694","695","2","2","20","2022-07-21T16:58:02.000"
"695","696","4","5","222","2023-06-05T08:15:33.000"
"696","697","","3","166","2020-07-07T01:15:35.000"
"697","698","2","4","131","2023-05-21T21:30:07.000"
"698","699","2","4","156","2022-05-29T03:29:41.000"
"699","700","4","1","184","2023-04-30T18:45:38.000"
"700","701","","1","90","2020-03-04T19:10:05.000"
"701","702","2","4","94","2021-06-23T08:41:40.000"
"702","703","3","2","13","2022-04-07T14:10:56.000"
"703","704","1","3","322","2021-10-27T11:05:23.000"
"704","705","1","1","293","2022-10-24T15:18:11.000"
"705","706","1","2","230","2021-07-29T15:53:01.000"
"706","707","","5","322","2020-04-17T02:53:36.000"
"707","708","1","1","292","2022-02-24T23:35:07.000"
"708","709","4","2","26","2022-10-02T22:09:44.000"
"709","710","1","2","75","2021-06-14T02:01:13.000"
"710","711","","3","299","2020-01-20T15:42:22.000"
"711","712","1","3","150","2023-08-12T18:28:30.000"
"712","713","1","5","148","2021-10-14T12:55:29.000"
"713","714","1","2","8","2023-07-01T10:43:07.000"
"714","715","3","2","29","2022-01-31T12:02:39.000"
"715","716","","3","296","2020-06-12T22:46:27.000"
"716","717","1","1","209","2021-11-04T10:55:25.000"
"717","718","3","1","128","2021-07-16T15:20:55.000"
"718","719","4","4","340","2022-09-14T08:19:48.000"
"719","720","2","3","116","2023-10-17T00:19:32.000"
"720","721","1","4","144","2023-07-11T08:26:52.000"
"721","722","2","3","318","2021-12-15T04:19:30.000"
"722","723","2","5","235","2023-01-03T18:22:39.000"
"723","724","","2","7","2020-08-25T15:55:24.000"
"724","725","4","5","45","2021-11-07T12:08:15.000"
"725","726","","3","239","2020-09-30T14:51:42.000"
"726","727","2","2","155","2023-02-13T21:52:18.000"
"727","728","3","1","181","2022-03-21T12:07:42.000"
"728","729","2","1","215","2022-10-07T10:48:36.000"
"729","730","2","4","88","2021-02-23T13:24:05.000"
"730","731","2","3","256","2022-08-14T18:52:36.000"
"731","732","1","3","73","2023-06-09T11:51:02.000"
"732","733","1","1","179","2023-11-29T13:49:52.000"
"733","734","3","5","212","2022-04-16T00:32:24.000"
"734","735","3","2","293","2023-04-18T08:43:35.000"
"735","736","1","5","234","2022-01-21T02:05:36.000"
"736","737","3","5","239","2021-12-23T03:45:01.000"
"737","738","1","1","223","2021-11-07T15:23:38.000"
"738","739","4","1","119","2023-07-06T17:37:01.000"
"739","740","2","1","313","2023-02-09T14:37:57.000"
"740","741","2","4","264","2022-07-09T09:03:17.000"
"741","742","3","5","207","2021-02-20T22:30:39.000"
"742","743","1","3","95","2021-05-15T16:23:08.000"
"743","744","1","2","222","2023-08-16T02:10:05.000"
"744","745","3","4","276","2021-01-16T08:43:23.000"
"745","746","1","3","231","2023-07-14T11:53:49.000"
"746","747","4","5","309","2023-12-22T21:13:45.000"
"747","748","","1","119","2020-05-14T15:01:37.000"
"748","749","2","5","268","2021-03-09T07:11:55.000"
"749","750","3","2","273","2023-10-01T13:35:34.000"
"750","751","3","4","64","2021-12-01T07:07:00.000"
"751","752","1","4","298","2021-01-13T19:53:16.000"
"752","753","3","2","350","2023-03-11T19:47:01.000"
"753","754","4","3","11","2021-12-22T21:35:14.000"
"754","755","1","3","98","2022-06-04T05:32:04.000"
"755","756","1","4","71","2022-08-06T02:48:54.000"
"756","757","1","4","58","2022-11-03T23:52:18.000"
"757","758","1","1","290","2021-08-11T17:44:43.000"
"758","759","4","3","251","2021-06-06T13:46:30.000"
"759","760","","2","276","2020-02-14T14:00:48.000"
"760","761","1","3","50","2022-02-06T21:04:55.000"
"761","762","3","1","216","2023-08-14T21:49:16.000"
"762","763","4","4","52","2021-05-19T21:24:23.000"
"763","764","","4","271","2020-10-09T11:28:52.000"
"764","765","2","1","84","2022-01-27T09:10:44.000"
"765","766","","2","293","2020-11-25T12:24:04.000"
"766","767","2","4","126","2021-07-05T04:50:00.000"
"767","768","3","5","296","2023-05-24T09:20:46.000"
"768","769","3","4","72","2021-02-05T08:04:33.000"
"769","770","4","5","296","2021-06-12T16:45:06.000"
"770","771","2","1","236","2021-03-10T10:25:26.000"
"771","772","2","1","56","2023-09-29T12:42:27.000"
"772","773","2","4","110","2022-07-15T02:16:10.000"
"773","774","2","3","192","2022-12-25T06:01:29.000"
"774","775","2","5","93","2023-09-29T04:46:48.000"
"775","776","1","2","350","2021-03-05T04:02:20.000"
"776","777","3","4","56","2022-05-13T09:23:29.000"
"777","778","","2","60","2020-01-16T18:27:39.000"
"778","779","1","4","138","2022-03-13T13:15:35.000"
"779","780","","3","39","2020-10-23T19:05:59.000"
"780","781","","3","28","2020-05-12T23:52:57.000"
"781","782","2","3","49","2021-01-09T22:24:20.000"
"782","783","4","3","125","2023-01-23T14:19:45.000"
"783","784","4","1","13","2021-09-23T08:44:19.000"
"784","785","2","1","36","2022-01-28T23:30:08.000"
"785","786","2","5","101","2022-05-12T10:28:09.000"
"786","787","4","2","282","2023-03-23T18:25:37.000"
"787","788","1","4","86","2021-01-08T07:55:32.000"
"788","789","1","4","4","2022-12-08T19:46:56.000"
"789","790","2","1","223","2022-01-09T14:02:15.000"
"790","791","1","4","338","2022-09-30T09:00:19.000"
"791","792","4","1","166","2023-01-10T19:24:30.000"
"792","793","1","5","344","2022-02-01T11:08:44.000"
"793","794","2","2","278","2021-11-27T05:09:29.000"
"794","795","4","5","130","2023-05-16T18:40:48.000"
"795","796","","3","31","2020-01-27T18:52:31.000"
"796","797","","3","11","2020-05-24T13:16:49.000"
"797","798","1","3","302","2021-04-02T01:53:51.000"
"798","799","","5","96","2020-12-10T05:42:45.000"
"799","800","3","4","190","2021-09-20T05:10:00.000"
"800","801","4","2","192","2022-12-10T15:41:40.000"
"801","802","4","3","266","2021-01-12T23:04:26.000"
"802","803","3","3","128","2021-04-20T16:11:17.000"
"803","804","3","3","238","2022-10-28T10:13:25.000"
"804","805","4","2","112","2022-06-22T09:57:49.000"
"805","806","3","3","316","2021-07-27T06:04:46.000"
"806","807","2","2","343","2022-01-05T04:25:47.000"
"807","808","2","3","145","2022-05-09T18:58:02.000"
"808","809","2","5","65","2022-04-04T18:12:15.000"
"809","810","4","5","247","2021-06-18T00:12:16.000"
"810","811","3","2","223","2021-10-22T23:55:54.000"
"811","812","3","5","313","2023-03-04T18:29:19.000"
"812","813","1","2","106","2022-05-04T23:58:10.000"
"813","814","1","5","181","2021-05-28T20:47:36.000"
"814","815","3","5","184","2021-06-30T12:26:49.000"
"815","816","3","2","226","2022-12-27T20:19:53.000"
"816","817","3","4","265","2021-12-05T20:50:58.000"
"817","818","4","5","278","2021-02-24T20:29:47.000"
"818","819","3","3","89","2021-04-21T07:44:01.000"
"819","820","1","4","176","2021-01-25T13:00:30.000"
"820","821","","2","18","2020-12-24T03:04:52.000"
"821","822","","4","106","2020-07-06T10:22:38.000"
"822","823","4","1","271","2023-01-25T11:25:44.000"
"823","824","","1","319","2020-10-26T04:03:46.000"
"824","825","3","5","167","2021-05-05T04:28:48.000"
"825","826","","5","13","2020-07-04T17:19:25.000"
"826","827","1","3","337","2023-02-28T00:36:48.000"
"827","828","4","4","32","2022-04-12T10:27:23.000"
"828","829","3","1","40","2023-03-30T00:29:17.000"
"829","830","3","5","148","2022-12-08T03:09:44.000"
"830","831","","4","218","2020-10-14T14:53:11.000"
"831","832","","5","219","2020-10-24T13:09:54.000"
"832","833","","5","82","2020-12-02T03:24:14.000"
"833","834","3","1","333","2023-02-21T09:10:38.000"
"834","835","4","1","208","2022-01-22T04:13:54.000"
"835","836","1","5","201","2021-03-05T12:39:11.000"
"836","837","1","2","332","2023-01-30T14:29:12.000"
"837","838","2","5","38","2022-07-04T21:23:34.000"
"838","839","3","5","211","2023-03-26T22:36:16.000"
"839","840","2","3","327","2022-03-25T23:52:48.000"
"840","841","2","3","249","2022-07-16T01:58:17.000"
"841","842","1","3","227","2021-03-15T14:57:22.000"
"842","843","","2","48","2020-06-05T03:53:05.000"
"843","844","4","2","18","2023-07-17T10:38:07.000"
"844","845","","5","295","2020-10-28T13:13:40.000"
"845","846","4","3","196","2021-04-05T04:52:07.000"
"846","847","","2","187","2020-12-19T09:11:13.000"
"847","848","1","1","345","2021-07-14T14:37:17.000"
"848","849","","5","224","2020-10-05T18:03:56.000"
"849","850","4","4","318","2021-04-14T13:21:09.000"
"850","851","","5","337","2020-01-22T23:29:21.000"
"851","852","2","4","229","2023-01-04T20:50:32.000"
"852","853","3","3","77","2022-04-09T17:59:58.000"
"853","854","","4","188","2020-07-15T15:21:17.000"
"854","855","1","3","346","2021-03-02T03:04:03.000"
"855","856","","1","270","2020-03-11T16:56:53.000"
"856","857","","4","95","2020-03-25T16:52:38.000"
"857","858","3","5","310","2022-05-09T14:43:03.000"
"858","859","4","3","132","2021-03-29T19:38:36.000"
"859","860","3","5","39","2022-12-19T09:36:17.000"
"860","861","","2","72","2020-07-15T04:02:26.000"
"861","862","4","3","281","2022-09-17T21:30:15.000"
"862","863","4","4","333","2023-09-11T02:34:48.000"
"863","864","2","3","160","2023-03-15T10:07:35.000"
"864","865","4","5","187","2022-02-01T13:17:03.000"
"865","866","","1","191","2020-06-08T08:44:40.000"
"866","867","2","3","120","2023-09-17T17:21:00.000"
"867","868","","4","220","2020-01-20T01:17:14.000"
"868","869","2","2","53","2022-06-10T18:39:55.000"
"869","870","2","1","222","2021-03-17T16:56:18.000"
"870","871","1","2","131","2021-12-30T04:23:11.000"
"871","872","1","3","237","2022-01-13T15:45:33.000"
"872","873","4","5","246","2021-11-15T05:52:01.000"
"873","874","2","5","226","2021-06-13T06:26:16.000"
"874","875","","4","208","2020-10-13T09:34:32.000"
"875","876","","5","96","2020-03-20T19:27:46.000"
"876","877","1","1","200","2021-01-27T05:04:35.000"
"877","878","2","5","247","2023-08-31T15:21:38.000"
"878","879","3","4","72","2022-01-12T03:02:06.000"
"879","880","","3","318","2020-06-26T05:28:36.000"
"880","881","3","3","185","2023-07-01T02:41:34.000"
"881","882","","5","6","2020-04-11T12:10:47.000"
"882","883","3","2","206","2021-09-14T11:27:22.000"
"883","884","4","3","32","2022-02-02T21:38:26.000"
"884","885","","5","99","2020-04-25T01:59:00.000"
"885","886","2","4","256","2022-06-15T08:54:28.000"
"886","887","3","5","187","2022-09-04T19:26:12.000"
"887","888","1","3","76","2022-12-02T08:44:56.000"
"888","889","","4","177","2020-03-24T06:41:28.000"
"889","890","","5","315","2020-08-23T16:47:34.000"
"890","891","","1","287","2020-08-19T18:29:20.000"
"891","892","3","4","349","2023-06-14T01:34:06.000"
"892","893","3","1","255","2022-05-24T08:10:51.000"
"893","894","3","2","325","2021-04-16T23:48:32.000"
"894","895","","4","190","2020-05-12T07:46:27.000"
"895","896","4","1","308","2021-01-20T13:13:46.000"
"896","897","","3","345","2020-07-03T00:11:39.000"
"897","898","1","3","127","2022-05-16T22:28:14.000"
"898","899","2","2","287","2023-04-02T12:31:02.000"
"899","900","1","4","254","2021-10-08T12:05:31.000"
"900","901","2","4","213","2022-07-30T21:09:37.000"
"901","902","4","4","250","2022-07-15T01:13:10.000"
"902","903","4","2","84","2023-05-13T08:57:17.000"
"903","904","4","4","13","2022-08-18T16:18:26.000"
"904","905","","3","45","2020-12-16T14:13:34.000"
"905","906","4","1","127","2023-04-19T23:57:04.000"
"906","907","2","3","114","2022-03-22T18:54:58.000"
"907","908","3","3","276","2021-08-13T21:31:14.000"
"908","909","2","1","205","2021-11-30T20:23:47.000"
"909","910","1","3","337","2023-11-12T07:29:53.000"
"910","911","4","2","273","2021-11-18T17:50:07.000"
"911","912","4","1","58","2021-04-06T22:07:41.000"
"912","913","1","3","328","2023-08-29T05:20:15.000"
"913","914","2","5","219","2022-07-03T05:48:26.000"
"914","915","3","3","109","2021-10-28T03:56:06.000"
"915","916","3","2","279","2021-04-19T09:24:02.000"
"916","917","1","4","174","2022-06-02T08:02:35.000"
"917","918","3","3","328","2022-08-22T17:34:36.000"
"918","919","","4","264","2020-04-03T13:32:54.000"
"919","920","2","5","315","2022-08-05T00:41:15.000"
"920","921","2","3","111","2023-02-23T16:31:45.000"
"921","922","","1","187","2020-06-03T03:41:44.000"
"922","923","1","4","269","2023-03-30T20:54:01.000"
"923","924","","5","229","2020-11-18T18:53:40.000"
"924","925","2","1","156","2022-08-29T16:53:26.000"
"925","926","","1","189","2020-11-23T19:35:22.000"
"926","927","4","1","272","2021-02-15T02:43:21.000"
"927","928","1","1","2","2022-10-22T22:32:44.000"
"928","929","","3","246","2020-05-06T02:53:17.000"
"929","930","","3","210","2020-08-31T23:30:46.000"
"930","931","2","3","286","2021-01-07T14:49:19.000"
"931","932","","5","13","2020-09-27T00:14:19.000"
"932","933","1","5","96","2022-05-07T11:45:45.000"
"933","934","","5","221","2020-04-26T14:37:16.000"
"934","935","","2","238","2020-08-31T03:57:32.000"
"935","936","","5","94","2020-01-05T03:45:29.000"
"936","937","3","3","338","2021-09-26T14:38:20.000"
"937","938","2","3","269","2021-11-30T19:59:43.000"
"938","939","4","2","171","2022-12-06T21:37:07.000"
"939","940","2","2","94","2022-07-11T10:53:09.000"
"940","941","1","5","149","2021-12-30T23:36:25.000"
"941","942","1","4","112","2021-03-28T10:56:00.000"
"942","943","","2","55","2020-02-20T16:54:07.000"
"943","944","","1","337","2020-12-25T14:03:34.000"
"944","945","2","3","116","2021-03-23T13:19:43.000"
"945","946","4","1","143","2023-01-03T05:13:25.000"
"946","947","4","3","201","2021-03-15T04:30:17.000"
"947","948","4","3","180","2022-12-28T01:16:32.000"
"948","949","1","2","202","2023-08-28T08:27:42.000"
"949","950","2","2","53","2021-12-06T07:30:53.000"
"950","951","","1","180","2020-04-20T13:46:25.000"
"951","952","3","3","313","2022-12-03T19:34:02.000"
"952","953","","1","308","2020-12-28T14:40:12.000"
"953","954","1","4","137","2023-12-06T05:54:01.000"
"954","955","4","1","182","2021-02-14T23:18:40.000"
"955","956","2","5","1","2023-05-08T20:21:27.000"
"956","957","4","1","44","2023-05-14T03:51:14.000"
"957","958","3","5","227","2022-08-28T23:51:05.000"
"958","959","4","5","331","2022-07-05T04:56:58.000"
"959","960","4","5","98","2022-10-24T02:41:25.000"
"960","961","3","4","208","2023-06-02T19:46:33.000"
"961","962","2","1","265","2023-12-21T09:40:59.000"
"962","963","","1","288","2020-11-03T07:14:05.000"
"963","964","1","4","271","2021-10-22T10:19:46.000"
"964","965","","3","140","2020-06-27T07:10:14.000"
"965","966","2","2","237","2022-04-25T22:45:25.000"
"966","967","","1","72","2020-12-15T05:30:13.000"
"967","968","3","2","155","2022-10-03T01:34:21.000"
"968","969","","4","190","2020-08-19T10:43:38.000"
"969","970","4","3","268","2023-11-12T04:02:00.000"
"970","971","2","3","321","2021-02-16T15:29:46.000"
"971","972","1","3","107","2023-07-08T03:02:36.000"
"972","973","","4","232","2020-08-08T22:57:11.000"
"973","974","","5","42","2020-04-20T22:21:06.000"
"974","975","","5","190","2020-04-02T15:28:02.000"
"975","976","","2","139","2020-09-14T18:02:59.000"
"976","977","3","5","103","2023-05-16T07:20:05.000"
"977","978","2","5","171","2021-04-22T20:35:58.000"
"978","979","1","3","273","2022-07-13T08:50:58.000"
"979","980","3","3","221","2023-03-09T11:10:03.000"
"980","981","1","2","213","2023-07-04T09:54:20.000"
"981","982","3","1","341","2022-06-03T05:34:36.000"
"982","983","4","2","56","2023-12-02T00:32:48.000"
"983","984","2","2","342","2021-03-24T08:10:57.000"
"984","985","1","4","102","2021-11-13T04:49:38.000"
"985","986","","4","192","2020-07-12T04:14:25.000"
"986","987","3","2","310","2021-12-29T02:19:36.000"
"987","988","1","2","200","2022-12-05T19:46:35.000"
"988","989","1","2","233","2021-04-17T09:20:28.000"
"989","990","2","5","227","2022-12-22T23:57:45.000"
"990","991","4","4","139","2021-09-17T06:36:18.000"
"991","992","1","2","344","2021-02-26T22:04:25.000"
"992","993","3","3","305","2022-02-16T10:57:18.000"
"993","994","3","3","149","2022-04-18T19:58:18.000"
"994","995","4","5","115","2022-02-06T02:01:12.000"
"995","996","3","5","63","2021-11-11T00:50:00.000"
"996","997","","1","104","2020-05-04T23:05:22.000"
"997","998","4","1","339","2022-07-18T00:25:22.000"
"998","999","","1","156","2020-03-02T22:07:03.000"
"999","1000","3","5","273","2023-10-13T16:05:19.000"
"1000","1001","2","5","6","2021-11-02T03:11:45.000"
"1001","1002","1","5","147","2023-02-15T01:24:34.000"
"1002","1003","2","3","184","2021-05-15T17:01:10.000"
"1003","1004","1","5","28","2022-07-26T20:04:33.000"
"1004","1005","1","3","38","2021-01-23T22:23:31.000"
"1005","1006","","1","119","2020-02-10T04:18:47.000"
"1006","1007","","1","293","2020-05-21T20:54:47.000"
"1007","1008","","1","244","2020-12-21T14:55:14.000"
"1008","1009","1","2","68","2022-11-13T11:39:54.000"
"1009","1010","2","2","214","2023-07-22T14:47:45.000"
"1010","1011","1","4","218","2023-08-29T18:23:39.000"
"1011","1012","2","4","177","2022-06-12T12:58:37.000"
"1012","1013","4","4","299","2022-07-01T01:31:45.000"
"1013","1014","","2","164","2020-02-02T05:26:47.000"
"1014","1015","3","2","58","2023-04-03T00:20:00.000"
"1015","1016","3","4","269","2022-11-10T08:28:26.000"
"1016","1017","1","4","308","2023-06-30T00:48:13.000"
"1017","1018","2","5","58","2021-02-22T16:05:57.000"
"1018","1019","3","4","288","2022-06-14T04:02:41.000"
"1019","1020","","5","105","2020-03-03T11:56:43.000"
"1020","1021","2","3","228","2023-03-31T10:45:56.000"
"1021","1022","2","2","247","2023-03-20T19:44:44.000"
"1022","1023","","4","188","2020-09-29T03:35:01.000"
"1023","1024","1","2","83","2021-12-31T21:32:31.000"
"1024","1025","3","2","186","2022-03-17T04:22:27.000"
"1025","1026","1","2","252","2022-10-09T02:02:03.000"
"1026","1027","1","3","238","2021-11-17T23:30:25.000"
"1027","1028","3","1","184","2023-11-24T01:40:08.000"
"1028","1029","3","4","284","2021-03-08T02:25:43.000"
"1029","1030","","1","210","2020-10-08T22:24:20.000"
"1030","1031","4","1","304","2022-06-28T06:40:12.000"
"1031","1032","4","1","296","2021-11-08T02:58:12.000"
"1032","1033","2","2","97","2022-09-13T02:29:22.000"
"1033","1034","3","5","208","2023-06-18T21:15:06.000"
"1034","1035","4","2","137","2022-02-02T20:51:59.000"
"1035","1036","","2","184","2020-05-21T17:45:48.000"
"1036","1037","2","1","76","2021-12-31T03:15:27.000"
"1037","1038","2","2","287","2021-06-24T12:55:42.000"
"1038","1039","2","1","142","2021-09-26T08:19:13.000"
"1039","1040","4","5","237","2021-06-01T18:38:15.000"
"1040","1041","3","4","25","2021-05-13T17:55:09.000"
"1041","1042","1","1","290","2022-11-07T00:23:17.000"
"1042","1043","","5","67","2020-06-11T11:45:58.000"
"1043","1044","2","4","250","2023-08-25T10:36:27.000"
"1044","1045","","3","118","2020-09-06T19:59:06.000"
"1045","1046","4","1","73","2021-05-27T07:58:18.000"
"1046","1047","4","1","282","2021-10-01T11:14:28.000"
"1047","1048","1","3","10","2022-12-13T14:01:44.000"
"1048","1049","1","3","211","2022-02-08T16:25:26.000"
"1049","1050","4","1","323","2021-03-23T17:32:17.000"
"1050","1051","3","3","152","2022-10-26T06:54:16.000"
"1051","1052","1","2","5","2021-09-14T01:56:31.000"
"1052","1053","4","4","195","2023-06-17T19:56:24.000"
"1053","1054","1","4","283","2023-03-27T09:29:11.000"
"1054","1055","3","4","113","2022-05-04T13:05:17.000"
"1055","1056","","2","271","2020-02-27T00:10:05.000"
"1056","1057","2","3","163","2021-12-07T13:08:20.000"
"1057","1058","","5","105","2020-05-16T19:06:25.000"
"1058","1059","1","3","181","2021-05-03T14:02:58.000"
"1059","1060","3","1","44","2021-01-27T02:06:40.000"
"1060","1061","4","4","282","2021-05-17T04:31:13.000"
"1061","1062","","3","175","2020-06-29T01:52:13.000"
"1062","1063","1","5","162","2023-04-15T02:40:27.000"
"1063","1064","1","1","340","2021-09-19T20:44:17.000"
"1064","1065","4","2","140","2023-09-05T14:12:13.000"
"1065","1066","2","2","132","2022-03-10T09:32:19.000"
"1066","1067","4","5","87","2023-07-05T11:30:54.000"
"1067","1068","","1","176","2020-01-02T18:54:53.000"
"1068","1069","1","4","183","2022-10-18T15:21:22.000"
"1069","1070","4","3","129","2023-09-12T12:22:08.000"
"1070","1071","3","1","246","2022-04-22T21:21:19.000"
"1071","1072","4","2","89","2021-12-18T15:43:35.000"
"1072","1073","1","5","66","2021-10-03T22:59:10.000"
"1073","1074","","5","158","2020-03-25T04:52:29.000"
"1074","1075","","3","149","2020-10-18T09:35:02.000"
"1075","1076","4","5","340","2022-03-16T08:49:17.000"
"1076","1077","2","5","116","2021-07-16T00:06:43.000"
"1077","1078","4","1","214","2022-08-25T05:28:23.000"
"1078","1079","2","4","294","2023-03-21T02:14:41.000"
"1079","1080","3","3","253","2022-02-13T09:10:11.000"
"1080","1081","2","1","143","2022-08-29T12:55:40.000"
"1081","1082","4","4","250","2021-11-17T16:28:52.000"
"1082","1083","1","1","302","2023-03-26T14:30:03.000"
"1083","1084","","1","25","2020-03-21T04:13:35.000"
"1084","1085","","5","277","2020-11-12T05:12:04.000"
"1085","1086","2","4","70","2021-02-18T20:34:41.000"
"1086","1087","3","3","113","2022-05-03T04:23:32.000"
"1087","1088","","3","112","2020-07-22T12:31:37.000"
"1088","1089","2","4","303","2023-12-12T02:08:50.000"
"1089","1090","2","5","91","2021-03-23T10:30:17.000"
"1090","1091","2","2","18","2021-11-11T14:09:06.000"
"1091","1092","3","1","149","2023-09-30T08:20:31.000"
"1092","1093","4","5","227","2022-12-20T16:38:52.000"
"1093","1094","2","4","214","2022-01-22T23:21:56.000"
"1094","1095","","1","151","2020-07-07T15:05:33.000"
"1095","1096","","3","192","2020-02-14T20:19:50.000"
"1096","1097","2","2","40","2022-09-05T16:55:58.000"
"1097","1098","1","3","242","2022-08-03T20:22:51.000"
"1098","1099","3","4","138","2023-05-26T16:34:33.000"
"1099","1100","2","1","345","2021-01-06T17:39:21.000"
"1100","1101","3","4","180","2023-01-07T14:37:18.000"
"1101","1102","","1","200","2020-09-03T00:45:57.000"
"1102","1103","2","5","203","2021-04-27T17:36:17.000"
"1103","1104","4","2","61","2022-05-05T16:46:00.000"
"1104","1105","","5","192","2020-01-22T05:49:15.000"
"1105","1106","4","5","5","2022-05-07T21:25:29.000"
"1106","1107","2","4","237","2021-09-25T18:59:43.000"
"1107","1108","","2","181","2020-05-24T19:05:27.000"
"1108","1109","","1","311","2020-12-15T01:26:51.000"
"1109","1110","4","1","37","2023-07-31T01:52:38.000"
"1110","1111","2","3","56","2023-11-19T04:29:34.000"
"1111","1112","","1","237","2020-06-25T06:08:13.000"
"1112","1113","4","4","349","2021-12-17T20:01:27.000"
"1113","1114","","5","197","2020-07-01T11:27:19.000"
"1114","1115","1","5","73","2022-10-03T04:22:02.000"
"1115","1116","1","5","59","2023-07-16T16:32:46.000"
"1116","1117","","2","240","2020-08-27T04:27:34.000"
"1117","1118","1","1","2","2022-02-13T04:47:07.000"
"1118","1119","3","4","188","2023-12-19T19:49:34.000"
"1119","1120","3","2","307","2023-01-18T04:54:30.000"
"1120","1121","1","3","30","2021-03-29T09:23:15.000"
"1121","1122","3","4","267","2022-03-01T12:07:25.000"
"1122","1123","4","4","108","2022-12-31T19:39:06.000"
"1123","1124","2","4","332","2021-02-28T18:01:08.000"
"1124","1125","2","5","90","2021-10-07T10:36:09.000"
"1125","1126","2","4","205","2023-07-20T16:45:51.000"
"1126","1127","1","1","220","2022-01-19T12:53:16.000"
"1127","1128","3","4","94","2022-01-03T13:37:46.000"
"1128","1129","4","5","103","2021-01-13T14:56:48.000"
"1129","1130","4","4","223","2021-12-10T14:14:02.000"
"1130","1131","1","3","186","2022-05-06T08:39:06.000"
"1131","1132","","3","184","2020-08-12T16:38:36.000"
"1132","1133","4","5","162","2021-08-18T21:07:23.000"
"1133","1134","","1","247","2020-10-23T02:28:10.000"
"1134","1135","4","1","31","2023-12-03T01:44:08.000"
"1135","1136","4","2","52","2022-07-20T02:24:59.000"
"1136","1137","4","5","345","2022-02-28T12:35:37.000"
"1137","1138","3","4","76","2023-03-05T07:48:09.000"
"1138","1139","4","5","278","2023-09-27T23:39:32.000"
"1139","1140","","2","40","2020-07-31T01:23:59.000"
"1140","1141","2","5","101","2023-09-04T05:15:32.000"
"1141","1142","","5","111","2020-04-18T10:42:30.000"
"1142","1143","1","2","321","2021-03-05T03:14:58.000"
"1143","1144","3","1","249","2023-04-15T07:25:00.000"
"1144","1145","4","4","191","2023-05-12T05:33:54.000"
"1145","1146","3","2","182","2023-08-20T06:48:08.000"
"1146","1147","4","3","335","2021-10-06T14:10:29.000"
"1147","1148","2","1","209","2021-06-11T23:28:02.000"
"1148","1149","1","3","22","2023-12-22T07:18:16.000"
"1149","1150","4","1","166","2023-05-08T16:14:00.000"
"1150","1151","4","4","99","2022-02-27T17:49:57.000"
"1151","1152","4","4","208","2021-02-19T00:55:07.000"
"1152","1153","4","5","8","2023-06-28T16:18:06.000"
"1153","1154","","3","190","2020-01-04T23:38:23.000"
"1154","1155","1","1","175","2021-03-15T09:00:05.000"
"1155","1156","1","4","273","2023-02-01T21:08:33.000"
"1156","1157","2","2","17","2021-04-08T18:58:07.000"
"1157","1158","1","4","90","2023-07-24T23:21:55.000"
"1158","1159","4","2","141","2022-06-30T18:37:27.000"
"1159","1160","2","1","145","2022-06-19T21:06:38.000"
"1160","1161","2","4","166","2022-10-22T04:22:28.000"
"1161","1162","2","4","337","2022-01-30T15:06:54.000"
"1162","1163","4","1","78","2023-09-06T03:15:11.000"
"1163","1164","","4","262","2020-08-18T20:02:19.000"
"1164","1165","3","2","163","2021-11-24T16:29:36.000"
"1165","1166","4","4","14","2022-04-16T15:44:21.000"
"1166","1167","1","3","239","2022-01-22T09:33:20.000"
"1167","1168","1","5","72","2021-06-20T03:09:11.000"
"1168","1169","4","2","143","2021-05-31T10:15:35.000"
"1169","1170","4","3","310","2022-05-07T08:58:21.000"
"1170","1171","2","1","283","2023-03-31T01:57:17.000"
"1171","1172","4","2","269","2022-04-24T04:32:28.000"
"1172","1173","2","5","241","2021-08-08T23:24:36.000"
"1173","1174","1","5","245","2021-12-08T08:28:39.000"
"1174","1175","2","1","163","2023-12-20T03:15:10.000"
"1175","1176","4","1","60","2021-05-14T20:43:44.000"
"1176","1177","1","2","6","2023-09-12T21:06:02.000"
"1177","1178","","4","197","2020-10-20T01:28:12.000"
"1178","1179","3","1","58","2022-12-19T12:37:34.000"
"1179","1180","2","4","305","2021-01-05T23:18:57.000"
"1180","1181","1","3","217","2022-06-07T06:09:40.000"
"1181","1182","2","5","26","2021-08-17T22:11:17.000"
"1182","1183","","4","303","2020-12-28T19:50:20.000"
"1183","1184","1","5","5","2023-08-22T18:28:36.000"
"1184","1185","1","4","20","2023-04-19T18:23:37.000"
"1185","1186","2","3","198","2021-09-30T02:48:20.000"
"1186","1187","","1","59","2020-03-08T19:17:21.000"
"1187","1188","3","3","242","2021-05-09T06:28:23.000"
"1188","1189","1","1","146","2023-03-02T20:37:13.000"
"1189","1190","1","1","273","2022-01-04T17:49:57.000"
"1190","1191","1","5","249","2022-12-31T12:48:03.000"
"1191","1192","3","3","14","2023-11-19T23:08:41.000"
"1192","1193","3","4","13","2023-06-14T11:30:59.000"
"1193","1194","4","3","44","2021-08-15T05:19:38.000"
"1194","1195","2","5","19","2021-08-22T18:03:32.000"
"1195","1196","3","1","63","2022-10-28T00:06:46.000"
"1196","1197","2","5","239","2023-05-15T22:34:36.000"
"1197","1198","4","2","337","2023-06-28T23:41:11.000"
"1198","1199","2","2","100","2022-10-09T21:01:48.000"
"1199","1200","","4","163","2020-08-24T06:53:50.000"
"1200","1201","3","5","122","2022-02-08T11:11:25.000"
"1201","1202","","4","44","2020-02-27T12:11:28.000"
"1202","1203","","4","317","2020-07-15T02:48:07.000"
"1203","1204","2","2","145","2022-02-19T06:46:16.000"
"1204","1205","3","4","327","2022-07-05T19:31:16.000"
"1205","1206","2","2","50","2021-05-30T17:39:34.000"
"1206","1207","3","1","65","2023-09-13T00:46:40.000"
"1207","1208","","5","288","2020-06-04T21:51:48.000"
"1208","1209","3","4","164","2023-09-20T00:10:45.000"
"1209","1210","2","2","141","2023-08-05T17:21:11.000"
"1210","1211","4","3","314","2021-11-14T23:48:19.000"
"1211","1212","","4","128","2020-06-03T21:31:17.000"
"1212","1213","1","1","239","2022-03-28T00:52:39.000"
"1213","1214","4","1","324","2023-11-15T07:43:33.000"
"1214","1215","2","3","296","2021-12-10T19:30:48.000"
"1215","1216","","2","187","2020-01-24T20:11:59.000"
"1216","1217","4","4","208","2023-01-27T06:39:29.000"
"1217","1218","","2","220","2020-08-11T22:30:12.000"
"1218","1219","3","1","190","2021-09-28T21:06:38.000"
"1219","1220","1","2","346","2023-09-14T22:44:04.000"
"1220","1221","2","1","284","2022-10-14T04:01:01.000"
"1221","1222","","2","237","2020-08-27T19:00:12.000"
"1222","1223","","3","194","2020-04-26T05:47:57.000"
"1223","1224","2","5","287","2021-12-30T07:52:41.000"
"1224","1225","2","3","259","2023-04-29T01:22:28.000"
"1225","1226","1","3","246","2021-02-15T16:45:55.000"
"1226","1227","3","5","136","2021-06-09T22:28:39.000"
"1227","1228","2","5","280","2022-08-26T04:47:40.000"
"1228","1229","4","4","271","2022-12-12T01:53:57.000"
"1229","1230","2","4","171","2021-09-09T11:15:08.000"
"1230","1231","2","3","159","2022-10-06T11:39:59.000"
"1231","1232","","3","201","2020-05-04T18:22:19.000"
"1232","1233","2","1","45","2023-08-16T04:06:42.000"
"1233","1234","2","1","264","2021-05-25T09:48:46.000"
"1234","1235","3","4","71","2023-08-17T01:35:17.000"
"1235","1236","4","4","103","2022-11-13T13:52:10.000"
"1236","1237","3","1","125","2023-08-27T22:35:55.000"
"1237","1238","4","1","313","2022-04-08T22:52:54.000"
"1238","1239","2","2","286","2021-08-13T07:46:37.000"
"1239","1240","1","2","230","2021-05-06T21:59:00.000"
"1240","1241","3","1","146","2022-08-31T16:46:01.000"
"1241","1242","1","2","197","2023-01-21T11:43:39.000"
"1242","1243","3","5","221","2023-10-10T14:06:43.000"
"1243","1244","2","4","60","2023-03-25T16:33:05.000"
"1244","1245","3","4","98","2022-01-28T00:00:02.000"
"1245","1246","2","1","171","2023-09-17T04:47:46.000"
"1246","1247","3","3","173","2022-04-20T10:32:20.000"
"1247","1248","","1","151","2020-02-25T18:24:55.000"
"1248","1249","2","2","350","2022-08-17T04:33:26.000"
"1249","1250","","3","122","2020-04-16T06:54:37.000"
"1250","1251","","2","108","2020-12-30T16:52:08.000"
"1251","1252","2","5","4","2022-09-07T11:23:17.000"
"1252","1253","4","2","93","2022-11-29T04:15:55.000"
"1253","1254","2","5","6","2023-12-01T14:43:31.000"
"1254","1255","4","5","288","2021-03-22T10:15:56.000"
"1255","1256","","2","106","2020-12-19T09:18:11.000"
"1256","1257","2","2","146","2023-03-06T01:28:05.000"
"1257","1258","","5","271","2020-05-20T09:35:08.000"
"1258","1259","1","3","96","2021-11-05T03:37:44.000"
"1259","1260","","5","229","2020-06-01T22:13:32.000"
"1260","1261","2","4","202","2023-03-27T04:38:12.000"
"1261","1262","1","5","212","2022-09-11T11:49:53.000"
"1262","1263","1","3","6","2022-12-29T10:57:07.000"
"1263","1264","2","4","112","2023-09-17T12:06:42.000"
"1264","1265","","1","323","2020-06-05T03:10:53.000"
"1265","1266","1","1","106","2021-11-20T05:32:07.000"
"1266","1267","","3","139","2020-09-15T10:31:43.000"
"1267","1268","4","5","299","2022-12-14T02:14:19.000"
"1268","1269","3","2","96","2021-04-10T04:54:16.000"
"1269","1270","2","3","337","2023-11-04T10:05:25.000"
"1270","1271","","4","297","2020-02-14T23:13:54.000"
"1271","1272","","4","214","2020-03-12T10:40:03.000"
"1272","1273","1","1","291","2021-05-18T21:33:50.000"
"1273","1274","2","4","22","2023-05-21T18:22:47.000"
"1274","1275","","3","193","2020-03-28T04:16:35.000"
"1275","1276","4","4","150","2021-03-31T17:32:36.000"
"1276","1277","2","3","247","2021-07-10T20:28:55.000"
"1277","1278","2","2","267","2021-08-05T07:05:19.000"
"1278","1279","1","1","251","2021-10-31T01:10:02.000"
"1279","1280","","4","3","2020-08-14T03:14:07.000"
"1280","1281","4","3","316","2021-01-14T08:20:24.000"
"1281","1282","3","5","76","2022-04-05T03:18:56.000"
"1282","1283","3","1","87","2021-10-02T02:24:09.000"
"1283","1284","1","2","270","2022-05-29T03:19:38.000"
"1284","1285","2","3","225","2022-11-25T03:21:36.000"
"1285","1286","1","2","18","2023-05-16T03:16:03.000"
"1286","1287","","2","113","2020-10-06T17:00:26.000"
"1287","1288","","4","251","2020-09-21T01:26:59.000"
"1288","1289","","4","233","2020-09-28T23:03:31.000"
"1289","1290","","3","329","2020-05-02T16:09:12.000"
"1290","1291","1","5","279","2022-08-04T19:30:02.000"
"1291","1292","1","3","202","2023-09-14T19:15:12.000"
"1292","1293","2","5","83","2021-08-17T06:17:06.000"
"1293","1294","4","2","125","2022-08-20T16:28:37.000"
"1294","1295","1","1","175","2022-11-27T05:06:11.000"
"1295","1296","2","3","69","2021-01-09T02:47:07.000"
"1296","1297","4","3","47","2022-02-12T02:22:47.000"
"1297","1298","1","5","256","2023-11-19T00:43:56.000"
"1298","1299","3","2","215","2022-06-24T21:40:25.000"
"1299","1300","","2","30","2020-08-10T07:48:55.000"
"1300","1301","","5","281","2020-12-26T16:36:45.000"
"1301","1302","4","2","237","2021-12-17T08:54:53.000"
"1302","1303","1","4","248","2022-09-17T22:48:30.000"
"1303","1304","4","1","25","2021-01-29T12:57:41.000"
"1304","1305","4","3","74","2021-12-14T22:01:48.000"
"1305","1306","4","1","206","2021-01-31T15:16:10.000"
"1306","1307","4","3","314","2022-11-01T21:37:26.000"
"1307","1308","","4","94","2020-01-15T14:21:41.000"
"1308","1309","4","2","127","2023-10-28T09:44:20.000"
"1309","1310","4","5","25","2023-06-03T22:53:43.000"
"1310","1311","1","4","334","2021-12-23T17:53:54.000"
"1311","1312","3","1","116","2023-10-31T23:31:21.000"
"1312","1313","2","5","48","2021-03-22T19:41:08.000"
"1313","1314","4","2","226","2022-11-18T15:09:53.000"
"1314","1315","2","4","266","2022-04-29T02:39:20.000"
"1315","1316","","5","99","2020-09-02T09:45:29.000"
"1316","1317","","4","11","2020-04-24T17:46:16.000"
"1317","1318","1","4","85","2021-11-17T04:52:47.000"
"1318","1319","4","2","214","2021-06-20T19:37:12.000"
"1319","1320","3","3","173","2022-07-01T18:15:39.000"
"1320","1321","2","5","209","2021-04-09T17:16:43.000"
"1321","1322","4","2","64","2022-09-19T13:21:40.000"
"1322","1323","1","4","258","2021-10-21T03:23:01.000"
"1323","1324","3","2","332","2022-12-08T08:45:11.000"
"1324","1325","2","3","121","2021-01-23T12:20:15.000"
"1325","1326","2","5","298","2021-12-10T16:04:24.000"
"1326","1327","4","3","54","2023-08-06T03:12:52.000"
"1327","1328","3","1","331","2021-04-14T07:54:44.000"
"1328","1329","","5","272","2020-11-05T11:20:52.000"
"1329","1330","3","3","241","2021-08-20T14:24:13.000"
"1330","1331","3","4","243","2023-08-18T14:39:06.000"
"1331","1332","3","5","18","2022-01-20T15:18:08.000"
"1332","1333","","5","187","2020-06-14T16:19:19.000"
"1333","1334","1","2","346","2021-01-03T11:40:10.000"
"1334","1335","3","4","144","2021-08-15T10:17:29.000"
"1335","1336","2","1","262","2022-06-07T10:49:24.000"
"1336","1337","2","3","239","2021-07-11T14:58:02.000"
"1337","1338","1","2","304","2022-06-11T22:32:31.000"
"1338","1339","2","3","298","2021-04-04T14:55:19.000"
"1339","1340","2","1","76","2022-12-22T07:00:49.000"
"1340","1341","3","1","188","2021-04-03T15:00:01.000"
"1341","1342","","5","333","2020-02-04T01:58:02.000"
"1342","1343","2","1","246","2023-07-13T10:02:35.000"
"1343","1344","1","3","130","2022-10-19T12:35:10.000"
"1344","1345","3","4","315","2021-09-06T20:42:27.000"
"1345","1346","4","4","283","2021-03-02T09:22:13.000"
"1346","1347","","5","79","2020-01-13T13:54:50.000"
"1347","1348","3","3","72","2022-05-29T03:21:46.000"
"1348","1349","1","3","263","2023-09-05T20:03:00.000"
"1349","1350","3","1","191","2022-12-01T08:27:29.000"
"1350","1351","3","3","63","2023-04-24T01:33:36.000"
"1351","1352","1","2","12","2023-03-02T19:15:59.000"
"1352","1353","","1","141","2020-03-17T04:30:07.000"
"1353","1354","3","2","254","2023-11-15T14:15:38.000"
"1354","1355","1","5","43","2022-07-31T00:28:21.000"
"1355","1356","1","4","17","2023-03-03T14:01:53.000"
"1356","1357","4","5","63","2022-02-10T15:20:07.000"
"1357","1358","2","4","253","2023-07-17T18:29:04.000"
"1358","1359","2","5","292","2023-11-05T13:21:08.000"
"1359","1360","3","3","8","2023-11-03T15:51:13.000"
"1360","1361","3","2","325","2021-03-20T14:05:28.000"
"1361","1362","4","4","90","2023-04-20T01:43:11.000"
"1362","1363","4","1","208","2023-05-25T23:39:50.000"
"1363","1364","","2","292","2020-12-23T11:26:07.000"
"1364","1365","4","1","284","2022-08-01T01:01:24.000"
"1365","1366","1","2","118","2023-05-30T18:11:25.000"
"1366","1367","4","2","349","2021-07-01T07:28:38.000"
"1367","1368","","5","175","2020-12-06T05:04:51.000"
"1368","1369","4","4","76","2022-09-15T22:50:05.000"
"1369","1370","","4","101","2020-10-22T08:38:03.000"
"1370","1371","3","2","151","2022-08-22T12:30:01.000"
"1371","1372","4","3","270","2021-01-24T08:02:39.000"
"1372","1373","1","3","71","2022-11-18T20:53:25.000"
"1373","1374","1","1","180","2023-03-19T17:57:51.000"
"1374","1375","3","1","124","2023-01-24T22:09:28.000"
"1375","1376","4","5","293","2023-04-07T05:23:03.000"
"1376","1377","4","2","285","2022-10-21T00:04:08.000"
"1377","1378","1","1","195","2022-11-23T16:07:03.000"
"1378","1379","4","1","228","2023-07-26T07:28:23.000"
"1379","1380","","2","275","2020-07-31T11:29:58.000"
"1380","1381","4","5","106","2022-09-02T22:47:13.000"
"1381","1382","","1","21","2020-05-30T22:32:01.000"
"1382","1383","4","5","64","2023-11-04T09:19:52.000"
"1383","1384","2","4","165","2022-09-01T17:20:01.000"
"1384","1385","3","5","27","2022-10-01T01:19:28.000"
"1385","1386","","3","311","2020-03-02T05:46:48.000"
"1386","1387","2","3","285","2021-04-24T21:51:09.000"
"1387","1388","3","5","148","2023-05-10T01:31:47.000"
"1388","1389","1","3","281","2021-11-15T19:04:47.000"
"1389","1390","","4","326","2020-02-21T19:55:11.000"
"1390","1391","4","2","319","2022-06-19T08:04:39.000"
"1391","1392","3","3","164","2021-07-20T19:00:45.000"
"1392","1393","2","3","224","2023-02-11T16:21:04.000"
"1393","1394","","5","272","2020-07-23T03:23:14.000"
"1394","1395","","4","146","2020-05-20T00:24:56.000"
"1395","1396","4","2","30","2023-11-14T01:22:58.000"
"1396","1397","1","5","45","2021-04-03T10:30:54.000"
"1397","1398","3","5","275","2021-05-22T12:58:18.000"
"1398","1399","3","4","34","2023-03-07T04:06:23.000"
"1399","1400","3","2","141","2021-10-07T11:04:41.000"
"1400","1401","","4","318","2020-09-29T20:20:11.000"
"1401","1402","","2","221","2020-11-07T22:10:21.000"
"1402","1403","","4","22","2020-07-24T07:16:27.000"
"1403","1404","4","5","180","2023-05-06T19:19:22.000"
"1404","1405","2","5","329","2022-04-17T22:34:43.000"
"1405","1406","2","1","231","2023-09-23T12:49:09.000"
"1406","1407","3","3","38","2021-07-22T08:09:26.000"
"1407","1408","1","4","70","2022-04-04T15:36:39.000"
"1408","1409","1","1","116","2022-02-18T12:15:52.000"
"1409","1410","2","3","239","2023-11-20T01:15:46.000"
"1410","1411","1","4","335","2021-02-27T08:33:21.000"
"1411","1412","2","2","148","2023-07-14T02:15:48.000"
"1412","1413","","3","9","2020-09-12T14:39:38.000"
"1413","1414","3","5","288","2021-02-03T04:32:20.000"
"1414","1415","2","1","50","2023-11-20T22:12:53.000"
"1415","1416","2","3","338","2023-07-05T02:39:52.000"
"1416","1417","3","3","5","2022-01-18T12:35:20.000"
"1417","1418","1","5","343","2023-06-06T20:04:13.000"
"1418","1419","2","4","126","2021-04-03T11:40:14.000"
"1419","1420","2","2","75","2023-03-05T17:44:59.000"
"1420","1421","3","5","165","2023-09-14T02:45:02.000"
"1421","1422","1","2","278","2021-06-10T04:13:11.000"
"1422","1423","2","4","324","2023-06-03T07:57:44.000"
"1423","1424","","3","300","2020-06-27T21:50:16.000"
"1424","1425","3","2","290","2021-12-28T12:39:34.000"
"1425","1426","","1","77","2020-04-26T23:21:49.000"
"1426","1427","","1","298","2020-08-06T15:48:06.000"
"1427","1428","2","5","137","2023-03-17T12:48:19.000"
"1428","1429","","4","106","2020-12-16T11:31:31.000"
"1429","1430","4","5","95","2023-08-29T04:21:56.000"
"1430","1431","3","5","135","2022-11-16T15:10:33.000"
"1431","1432","1","5","68","2023-01-30T00:45:21.000"
"1432","1433","1","1","147","2022-11-13T15:41:11.000"
"1433","1434","1","1","159","2021-09-09T08:34:27.000"
"1434","1435","1","5","163","2023-08-06T19:38:22.000"
"1435","1436","2","1","341","2023-06-03T21:12:05.000"
"1436","1437","2","4","189","2022-05-15T18:07:13.000"
"1437","1438","1","5","339","2021-07-22T05:04:56.000"
"1438","1439","","1","95","2020-05-20T06:44:06.000"
"1439","1440","1","2","181","2023-05-13T06:45:37.000"
"1440","1441","1","5","288","2021-09-04T22:48:21.000"
"1441","1442","","5","322","2020-01-22T14:55:30.000"
"1442","1443","2","4","187","2021-02-14T19:43:49.000"
"1443","1444","1","3","138","2022-04-13T12:51:56.000"
"1444","1445","","3","130","2020-07-10T23:43:19.000"
"1445","1446","1","4","194","2021-12-07T11:39:07.000"
"1446","1447","4","4","316","2021-07-26T13:52:09.000"
"1447","1448","4","4","273","2022-11-11T04:51:36.000"
"1448","1449","1","3","144","2023-03-09T13:10:35.000"
"1449","1450","3","4","16","2022-11-10T10:40:54.000"
"1450","1451","1","1","302","2021-02-11T06:05:08.000"
"1451","1452","4","5","245","2022-06-27T01:58:47.000"
"1452","1453","3","5","107","2021-08-14T21:39:36.000"
"1453","1454","3","2","88","2023-07-01T13:56:21.000"
"1454","1455","1","2","129","2022-09-18T22:50:31.000"
"1455","1456","4","5","341","2021-07-31T01:32:28.000"
"1456","1457","","1","4","2020-06-17T07:26:07.000"
"1457","1458","4","3","327","2022-11-14T07:43:49.000"
"1458","1459","","3","306","2020-12-29T05:30:44.000"
"1459","1460","3","1","95","2022-01-02T09:55:54.000"
"1460","1461","","3","209","2020-02-08T20:59:11.000"
"1461","1462","1","4","225","2022-08-20T10:22:52.000"
"1462","1463","2","5","348","2023-10-05T14:39:51.000"
"1463","1464","2","5","321","2022-05-22T02:47:03.000"
"1464","1465","4","1","47","2021-05-24T12:57:37.000"
"1465","1466","2","3","181","2023-11-22T19:12:48.000"
"1466","1467","4","2","106","2022-08-05T17:30:46.000"
"1467","1468","","2","199","2020-12-09T21:10:02.000"
"1468","1469","4","3","106","2022-10-03T02:13:51.000"
"1469","1470","","2","280","2020-04-08T04:54:07.000"
"1470","1471","4","1","260","2022-09-14T01:34:30.000"
"1471","1472","2","1","108","2023-07-03T19:33:13.000"
"1472","1473","4","3","19","2021-12-22T05:08:53.000"
"1473","1474","3","2","296","2023-11-13T16:25:42.000"
"1474","1475","1","1","306","2022-12-25T02:03:04.000"
"1475","1476","1","1","171","2021-04-14T10:27:58.000"
"1476","1477","4","4","331","2022-10-05T13:24:03.000"
"1477","1478","1","4","195","2021-09-26T06:22:22.000"
"1478","1479","","1","12","2020-06-30T05:59:39.000"
"1479","1480","","3","195","2020-08-05T03:15:53.000"
"1480","1481","","5","283","2020-03-11T10:39:05.000"
"1481","1482","","5","182","2020-02-27T19:22:07.000"
"1482","1483","2","1","305","2021-04-17T19:32:02.000"
"1483","1484","2","1","144","2022-02-04T06:22:37.000"
"1484","1485","","1","316","2020-06-29T09:17:07.000"
"1485","1486","","3","182","2020-05-30T23:34:49.000"
"1486","1487","","4","30","2020-12-30T17:58:46.000"
"1487","1488","1","1","84","2023-10-10T07:25:28.000"
"1488","1489","2","1","166","2022-04-15T01:11:24.000"
"1489","1490","","2","284","2020-07-29T17:55:20.000"
"1490","1491","1","3","281","2021-08-26T17:46:00.000"
"1491","1492","1","1","96","2021-12-05T17:03:54.000"
"1492","1493","1","2","266","2021-07-30T08:18:42.000"
"1493","1494","4","5","298","2022-11-07T13:32:16.000"
"1494","1495","1","1","296","2023-02-28T10:16:18.000"
"1495","1496","4","1","225","2022-12-17T22:48:18.000"
"1496","1497","1","2","333","2022-04-19T03:50:09.000"
"1497","1498","1","3","42","2021-10-13T02:10:40.000"
"1498","1499","1","1","303","2022-07-01T09:38:06.000"
"1499","1500","2","5","246","2023-02-27T01:47:40.000"