"index","customer_id","policy_id","purchase_id"
"0","1","643cee8e","0c16ed33"
"1","2","ce8819ac","8530bd7b"
"2","3","13625927","1697a9d8"
"3","4","3a5be741","5439a130"
"4","5","b61b1846","c57c369b"
"5","6","1fe6b1b0","d9d57db0"
"6","7","ca58ecc0","3d8ff616"
"7","8","58282b6b","39044c72"
"8","9","6dbf4954","b0a4aaeb"
"9","10","6e041de6","a5debeaf"
"10","11","24076025","eb0cf98e"
"11","12","46100d46","32d05034"
"12","13","52f85b64","dbb8e4fb"
"13","14","6ef05339","a7926ba6"
"14","15","aca5099b","16f91258"
"15","16","27ee1410","da7edf52"
"16","17","a4b8f43a","7545f0e1"
"17","18","195aa8cb","b56a3244"
"18","19","dd574014","3d03354a"
"19","20","6eaa608c","0a87a017"
"20","21","876cca79","3891ca7c"
"21","22","32ad53c9","975c1208"
"22","23","8fd3a232","f58acb5d"
"23","24","6aa9987f","317ad2df"
"24","25","c7957649","36d272dd"
"25","26","fa6bf284","08f868aa"
"26","27","9d832b49","ed741d15"
"27","28","65bfae75","cab124c9"
"28","29","49a8b4d5","5c96a04a"
"29","30","d084578a","9be71fd1"
"30","31","9bbce241","d121d9a9"
"31","32","08702803","5c0b3b00"
"32","33","18f69012","f5924da9"
"33","34","73f11022","439b6818"
"34","35","3740c96d","eb63ac37"
"35","36","649e872f","17e66471"
"36","37","14fdd005","db9f21d1"
"37","38","4d605fcb","e394cf5b"
"38","39","83df5b9c","9d933930"
"39","40","51ce68b4","80611820"
"40","41","bc7971fa","02c9502f"
"41","42","655a6fa6","f4c0e4cb"
"42","43","09c60a9c","d662a999"
"43","44","34062b95","870f1362"
"44","45","68d0eec2","8d9e986f"
"45","46","14edb1ee","5f907533"
"46","47","189fe173","b195d58e"
"47","48","25b08960","725e6a2e"
"48","49","481ce430","f4c5308a"
"49","50","205c8677","95783ee5"
"50","51","05c42698","36d6e143"
"51","52","b0894d6d","fa6e5843"
"52","53","51541726","3c27ab05"
"53","54","a18cb0f2","961af875"
"54","55","c1a8e0a3","b36f7351"
"55","56","94ca8b58","e2411cb9"
"56","57","6a279099","2cba1597"
"57","58","4586a2d5","4dd3d52c"
"58","59","98c78bda","6eec9e9e"
"59","60","226f9d22","114613bc"
"60","61","096c3a00","eb3523d7"
"61","62","9b9863ed","f50b78bc"
"62","63","5fcdc1ff","198057cf"
"63","64","72f72439","3060f4c5"
"64","65","72628bb7","e94f7b0a"
"65","66","60f44d66","aa9ff703"
"66","67","8ee1c493","1490e16c"
"67","68","242d154c","5397e282"
"68","69","7f885ff4","6ad12b79"
"69","70","73c6e9e2","eda108ed"
"70","71","9ca351b6","202ba843"
"71","72","21fa09cf","22e980f3"
"72","73","3bec3779","787d3209"
"73","74","7cf2ece4","8e9db151"
"74","75","31e05e1b","ba00f6c0"
"75","76","68c407c2","298cd35c"
"76","77","a8c3ab4e","c63276f6"
"77","78","cbafd350","b7e80837"
"78","79","a93b55c5","3c345679"
"79","80","1b89d25f","fc001ff0"
"80","81","87f7eb00","d95e41e0"
"81","82","b198621c","681f8d85"
"82","83","fb000c77","bedd2e83"
"83","84","4e543a31","eb14fb7e"
"84","85","3dac6b89","45c59669"
"85","86","e54d2386","1f6461dd"
"86","87","cb10a64f","95c4a486"
"87","88","e689ce9c","10a42093"
"88","89","b97a6bd5","8521c62d"
"89","90","05d6de84","4449b6d4"
"90","91","9376733f","a9e0fc2b"
"91","92","32751f79","2edf4d13"
"92","93","f58c50d9","d70ccf27"
"93","94","12e1f222","716b997e"
"94","95","edf8b86c","b977aa3f"
"95","96","a62f1cec","628ddda0"
"96","97","5e0f5155","87deac2f"
"97","98","ef841c10","49d8c9c9"
"98","99","a85074b5","ed2a6102"
"99","100","9323eafc","c0f46b44"
"100","101","e9a87ab7","08349dc2"
"101","102","f853dedf","eae61a51"
"102","103","2a265150","a411c262"
"103","104","3687d5d2","50431029"
"104","105","d0dd90ac","9ddd5516"
"105","106","3df4dc06","15e77cdb"
"106","107","ba968a30","c3cc734b"
"107","108","361c636c","3b323626"
"108","109","2c8e4a6d","b92bff80"
"109","110","76e0c098","41e6560e"
"110","111","497538d5","0142dbb1"
"111","112","8ba612b4","87b9df52"
"112","113","5b6ddab1","464e1ad5"
"113","114","8666dd22","c5343306"
"114","115","b7422c72","5ca9a5ae"
"115","116","4db08dd6","40a0a3d6"
"116","117","8b804147","bff7d1f1"
"117","118","4736c67f","be1507ac"
"118","119","735f83bf","ad0d4218"
"119","120","0311ea6f","58957a04"
"120","121","711c674f","c9137d41"
"121","122","1d821527","5936eea3"
"122","123","e3c7398b","93d754b0"
"123","124","2fcafac3","d455be42"
"124","125","f9ac15c4","7894e78f"
"125","126","2c16db0a","228111c2"
"126","127","84cb383f","b0146258"
"127","128","12188906","254f19bb"
"128","129","9c70bea3","3d3ba897"
"129","130","f314718f","523e0d1e"
"130","131","564d8019","f03a6820"
"131","132","1c7b74e0","db20d06c"
"132","133","1fe7a3b9","c4e09c4f"
"133","134","8cf765f0","81a849b8"
"134","135","2dbd8d2f","342bc90d"
"135","136","6c48d43e","38cd1dee"
"136","137","b7b84c44","95f78f3c"
"137","138","3a134560","aec392e4"
"138","139","e1cf1599","53d119a3"
"139","140","fc4279f4","aebdf17b"
"140","141","649eecf0","3def8cad"
"141","142","e086878b","783b08ac"
"142","143","4e49f001","5aa78348"
"143","144","e60fabfe","5380882f"
"144","145","475a8002","7c198f14"
"145","146","cdb5b0b8","73315e87"
"146","147","5ed9b196","aef23ffc"
"147","148","69188d89","594dea63"
"148","149","b9edd6a7","16d02d3e"
"149","150","1c233300","162de42e"
"150","151","dd8dde94","72503164"
"151","152","bfbd833b","cb0681a3"
"152","153","04b0353d","2326b8aa"
"153","154","b0274ce1","b8e59083"
"154","155","654ad3ea","e87e10fb"
"155","156","d919bab6","2f9c8672"
"156","157","0c44f357","c1d8b691"
"157","158","c6fc1c4e","623c4168"
"158","159","66476679","4a70daba"
"159","160","4ea0b550","520b58d4"
"160","161","beb03eee","bca5793d"
"161","162","ef7944ed","dc19e894"
"162","163","3676677f","e1a4b9f3"
"163","164","fbdddf5e","1dc1bce8"
"164","165","7b7ebcdb","f1ead6b5"
"165","166","2a39c266","1373873a"
"166","167","e264e7be","86df61b9"
"167","168","1bcbbb70","297270cb"
"168","169","ad7c3962","c270fed9"
"169","170","db0299b8","354b775a"
"170","171","1a5c3811","5e3fed33"
"171","172","697d73c8","7bac553d"
"172","173","a06f720f","a65418b1"
"173","174","19143812","4d9146bf"
"174","175","299935bd","6d8bee68"
"175","176","15add857","d3b8ea62"
"176","177","387433de","3c0adf13"
"177","178","329cd164","c9c8d336"
"178","179","6a30d2c3","f3434fa2"
"179","180","e6ae9235","0e1d9650"
"180","181","cea72681","705e9c8d"
"181","182","8208ac6f","630b0218"
"182","183","7d181108","dffe9132"
"183","184","1df0dca4","ef616a32"
"184","185","7c864369","5d8376bb"
"185","186","7204ee7e","5781329e"
"186","187","980e2140","be4c02cc"
"187","188","5fe210bd","b7a6f463"
"188","189","a01e5ad2","a088b288"
"189","190","ea01bb3e","ebcfd3bb"
"190","191","67880bb1","e85c4f5e"
"191","192","cf4b36a6","c2d94fe0"
"192","193","123b78c3","5af39e53"
"193","194","d2b178fc","d1df949f"
"194","195","9e9343c8","dcdb12a9"
"195","196","28fac496","e8055092"
"196","197","27640b18","7bc81e24"
"197","198","1a071a43","62061d93"
"198","199","fd1d386d","9f92329c"
"199","200","17a9a007","6797ad33"
"200","201","4cfa0a77","faa1dd4e"
"201","202","bfb77cb7","617a09fc"
"202","203","c4b024ba","594e9f34"
"203","204","e3109377","ffd8d213"
"204","205","180e58e9","9b66522a"
"205","206","cd258019","c8e9a95b"
"206","207","653659e9","28314bb4"
"207","208","bd4ffa23","f53dff10"
"208","209","e3c5068b","ad9daa5c"
"209","210","be78da2d","988c610a"
"210","211","fe5dc698","9559a162"
"211","212","f71d7506","d3b92c1a"
"212","213","0678c0bc","2f5ebee5"
"213","214","535c26b5","168d3c8e"
"214","215","5948b7a2","95bea964"
"215","216","d3ff6f4a","3e29a15e"
"216","217","d91b2ba3","29ceba14"
"217","218","066ab4ba","075b7029"
"218","219","37363395","9c731862"
"219","220","26d584fe","887d5e3b"
"220","221","87120269","a8593537"
"221","222","c0a9569e","366dec70"
"222","223","2a8f9b30","038e542b"
"223","224","a543753a","b95b9eac"
"224","225","a9a78070","40e705d4"
"225","226","aa0984d3","1d6f84d1"
"226","227","2690edc1","69c8b158"
"227","228","25667a79","c6785ea4"
"228","229","eb8bcd3e","61afc60f"
"229","230","7e90bfa2","ce56db22"
"230","231","8863081a","c24af351"
"231","232","a565e867","add4dd9f"
"232","233","b7050fa0","3fe98e06"
"233","234","0b597d11","393f7400"
"234","235","51c68a45","72872d16"
"235","236","4593ab60","ee8be887"
"236","237","1c6a287e","119abca2"
"237","238","2c61f6a7","3ed9ce51"
"238","239","ab28b2f9","3683f226"
"239","240","fe7293d7","f9422767"
"240","241","1fb3561b","e3eff3ec"
"241","242","6c91911d","d85a05a7"
"242","243","c4b42794","6bff56d6"
"243","244","3ea441ce","f4130d34"
"244","245","2c51df07","7ce940ed"
"245","246","f637e926","1e4d53ec"
"246","247","102ed3af","deb7ff1e"
"247","248","ff1e12a7","5e8c7514"
"248","249","1db2fbbb","ec880905"
"249","250","25b120bf","71a2ba40"
"250","251","894ec484","d03446b2"
"251","252","15d6e33b","f551aca2"
"252","253","7a9c5762","656ed78e"
"253","254","70be7077","1af10b75"
"254","255","74612595","aacea1fd"
"255","256","de5c6bcf","34faa038"
"256","257","21501d77","26b92d76"
"257","258","be6e3028","05c17022"
"258","259","0ff1a466","1c2337a9"
"259","260","dbb9f619","8832b69b"
"260","261","04ef5fce","8b59be35"
"261","262","b2f611d4","0b4cbce1"
"262","263","1c31f61a","a9ebfb6e"
"263","264","822502ff","0f5b5ee5"
"264","265","1a150f50","c517a2ad"
"265","266","f0fdc7da","7692bdd2"
"266","267","45887644","d6affac3"
"267","268","a4f1c387","d01faadf"
"268","269","addcd4eb","11e7843e"
"269","270","067b873b","dab5a14c"
"270","271","c17715ee","06031aa8"
"271","272","737086ce","949861cc"
"272","273","0435df14","3a6cd798"
"273","274","e758dbc7","3f2c1c22"
"274","275","ace04cf9","a37c1f49"
"275","276","4a108d3e","e10a7aa9"
"276","277","cc217c53","bc4851fc"
"277","278","0ed9dd72","6f7cfd95"
"278","279","9803aa37","78dbdbe9"
"279","280","6c9d82e3","c8bf22d4"
"280","281","e92d3e10","cd855b89"
"281","282","addb7577","f4b013cb"
"282","283","7717a121","74610631"
"283","284","8a4b5dfd","2718423e"
"284","285","2ab52929","94afe8fd"
"285","286","f9d8753f","c4de691a"
"286","287","de6fdb6a","3bac6eef"
"287","288","4f1a270b","f597df6f"
"288","289","ee6fe1f8","bd70f792"
"289","290","a52282be","3b0db987"
"290","291","bacdba38","e6ae3453"
"291","292","25eb80de","47e1e0b0"
"292","293","32289199","c87214ad"
"293","294","6a50310c","1ced4175"
"294","295","0fb42b15","a9b2ddec"
"295","296","4505fec2","44b55115"
"296","297","9858de16","826bc6e1"
"297","298","e427b183","83ab972c"
"298","299","4f9787c1","5c651891"
"299","300","031bd38e","73d38a8a"
"300","301","1bccc523","0f3c25b1"
"301","302","5f44b99a","75ad39d8"
"302","303","10fdb4c1","3b468560"
"303","304","f21aed8c","e326a760"
"304","305","fa6ecead","c82c9f98"
"305","306","b5be9a50","c1cedee7"
"306","307","5ace366c","a35cb872"
"307","308","c00a7aa4","a8ba354f"
"308","309","666337a1","2dc6265d"
"309","310","7b1b67cd","715ba6e4"
"310","311","d6abbc15","e9006ae4"
"311","312","68dc4de0","c9f4032b"
"312","313","6068a2c4","e33dba32"
"313","314","c35c683a","5365243f"
"314","315","c78f3c49","d507f62f"
"315","316","7fbf7ccb","7e89e0d8"
"316","317","5e629c28","28a3f543"
"317","318","5de8f161","a20bd476"
"318","319","cc7af4ca","f4c62131"
"319","320","a1bb4825","973e1431"
"320","321","8ba006df","a33d4ef7"
"321","322","3d118922","f5fe3c04"
"322","323","76ddfe7e","00d64dee"
"323","324","84d79195","505ed8e1"
"324","325","29354368","43dc6ea7"
"325","326","1baaba46","2c8bd9e5"
"326","327","5e9f89d2","a7a442bf"
"327","328","5e44081d","8c5d0278"
"328","329","82a2f88a","823b41c5"
"329","330","e6b56632","8247bec1"
"330","331","afddc00d","c20749c7"
"331","332","32a72e2e","fac3cd73"
"332","333","2a829650","6b5614ab"
"333","334","c9f46250","8cb5d1de"
"334","335","77224326","1d0ff763"
"335","336","e1125475","ddc8a3e5"
"336","337","2d3c7604","8f7ec553"
"337","338","2ee5234c","b79c5678"
"338","339","7cfcacc4","09a00647"
"339","340","ec779994","3843dcff"
"340","341","2e7fe383","86fc31c4"
"341","342","831bb9e3","d146e82d"
"342","343","cfc71756","f535d88e"
"343","344","dee0c9c2","2ec4ae69"
"344","345","9eff8bc0","090b7b25"
"345","346","7103f633","ad12a048"
"346","347","0245e748","35b3935f"
"347","348","9189bef3","f694196c"
"348","349","0964b8bc","c11fb696"
"349","350","c30c163f","fb5490d4"
"350","351","1d1f5e45","27887b76"
"351","352","a9b7df0d","1ede6144"
"352","353","cf09819b","52d3786d"
"353","354","a562166d","3a7371fa"
"354","355","de767577","16b3c5e8"
"355","356","48ebac8b","06dffe3f"
"356","357","8b9afb0d","cda2a850"
"357","358","47867386","9b24eb33"
"358","359","76f6166f","f0d6bd4a"
"359","360","a2f3e505","e7e56478"
"360","361","9463a1d3","5dba68d9"
"361","362","7a6b29df","71faee4a"
"362","363","4bdf38a5","49d36484"
"363","364","05618589","39ead809"
"364","365","2c996fd9","5f12f152"
"365","366","836d3b43","08fdbda4"
"366","367","eb15f4bc","ee9786bc"
"367","368","4d894aae","008763e6"
"368","369","dee59e32","28d8ff88"
"369","370","bfca4dad","1c9169d0"
"370","371","2113a362","d295ad47"
"371","372","f2656511","1e28c81f"
"372","373","9bc7627a","8b2443c1"
"373","374","62854594","a8e46402"
"374","375","28ad3859","30c0c990"
"375","376","2b6b7884","1c4f8853"
"376","377","f92476f4","14f9cce2"
"377","378","d7b17386","9bf82fd7"
"378","379","bd0b6480","2cc309a8"
"379","380","0059f120","bd42a4b4"
"380","381","81540a7f","1921ce6f"
"381","382","e3e7a632","17a44853"
"382","383","b72eef67","5bcdcbb6"
"383","384","e3b117aa","bf216beb"
"384","385","92743213","57b90c58"
"385","386","3bd230de","ba763e4e"
"386","387","92945a04","8d70f434"
"387","388","94855188","87e485b2"
"388","389","92d33943","27912811"
"389","390","9dc28e89","3cd963d7"
"390","391","5219e330","a20c2a71"
"391","392","41e93b76","086c741d"
"392","393","a7128ace","ac42802c"
"393","394","c7a2e2e9","131f1586"
"394","395","5197a3d9","8fe447d7"
"395","396","8b9e91fd","391551a4"
"396","397","e0fe8c8e","f8c25c7e"
"397","398","ded03e44","ee1ae614"
"398","399","7e5b03ae","eb58701f"
"399","400","730722a5","d90d1adb"
"400","401","5c3705db","24f26154"
"401","402","3059dc49","aa28fd4c"
"402","403","081a87c8","339aad7b"
"403","404","04362aad","938a4111"
"404","405","f7b8eb82","a5232fe6"
"405","406","5653a090","72b5f597"
"406","407","5a63aa3e","fc563e15"
"407","408","aaa334dd","a05aa6e4"
"408","409","b3ca16b6","090e69a9"
"409","410","e002e9ef","771c6b15"
"410","411","66d5a744","1fcea845"
"411","412","7f36f0b4","8ef7c402"
"412","413","aa6450e8","e3cb4188"
"413","414","6c614fad","07fd9adb"
"414","415","c0393b03","130e1440"
"415","416","404eebe8","e6cfd452"
"416","417","e69886a2","67122ea4"
"417","418","839300ba","6fbde174"
"418","419","9a304382","01ddffeb"
"419","420","3725292f","3a540189"
"420","421","9df4df49","bb4188ef"
"421","422","65f20214","957de638"
"422","423","91f6a263","ded774d0"
"423","424","3f4bb7c5","ff20d047"
"424","425","dc8e255e","ee70650c"
"425","426","a107b3c6","1fcded95"
"426","427","4b8fe277","87964663"
"427","428","a5a2a0a2","94489036"
"428","429","0fab4b4a","e14a0ec3"
"429","430","8906b029","61a72d83"
"430","431","8461e9e7","3368657f"
"431","432","68dacea0","ed945b0e"
"432","433","c12476e8","b3b28de9"
"433","434","28dd06c2","0a430174"
"434","435","9b6eed7e","13f244f5"
"435","436","0f4fbcd8","44cb5edf"
"436","437","dc776e5d","30ed19eb"
"437","438","0e838ad0","00147657"
"438","439","e320778c","914f3932"
"439","440","a7aa293e","f7100e9b"
"440","441","38cc94c7","aa11c657"
"441","442","f8083501","cb7d00f2"
"442","443","9320e8ee","c023f654"
"443","444","97d34227","5e734866"
"444","445","cb25bd66","97a2e1ef"
"445","446","3e2819d9","ed67bcad"
"446","447","b1bc523e","f2dbc9cc"
"447","448","7c33d418","cc1167e1"
"448","449","c9b41434","db0454ed"
"449","450","7c88f3ff","b61045f7"
"450","451","e41aeb26","fc2ea88e"
"451","452","51758e97","5f4c831b"
"452","453","7d9fd413","5d728897"
"453","454","35a9cd0f","f6b327fb"
"454","455","493d50cd","5d914ae6"
"455","456","0b1f1c8e","3d108379"
"456","457","2d737f35","7b789bc6"
"457","458","8ab3a896","53f36e1a"
"458","459","097595cb","cd4a70e8"
"459","460","0f5661ec","a0fb17d7"
"460","461","9a57f017","0a3c54a8"
"461","462","2decb861","3541349a"
"462","463","05a02249","d2590050"
"463","464","a6ff96af","2af57ad7"
"464","465","383d1a21","7bb576ca"
"465","466","60578f4c","4aec54b4"
"466","467","ddf3e7bd","59dbb36a"
"467","468","9932fa56","2c5fd331"
"468","469","95621310","9f58e541"
"469","470","d81a3513","d08b882d"
"470","471","9939ccb9","1132f10e"
"471","472","6dea0356","15c6f909"
"472","473","fcea9571","c55814cd"
"473","474","4f295fdb","23e26380"
"474","475","7d8024e3","ebef0942"
"475","476","a8ad0014","dd7d2c65"
"476","477","5d39ae32","8a10eca4"
"477","478","3b65495b","2e5af520"
"478","479","cc552e84","80b4c356"
"479","480","c685a11c","07dd1087"
"480","481","da26d7ff","fe3d15c0"
"481","482","b11f99c6","91c969be"
"482","483","772bf242","e2acb58b"
"483","484","4e3182d9","6894f2ac"
"484","485","58668046","b31c9000"
"485","486","1930461d","fa1ee8cf"
"486","487","2aa64a50","6268af8d"
"487","488","eadc8c82","c437be31"
"488","489","c0402252","da5f6683"
"489","490","0d79b27f","50a984a8"
"490","491","fdb652a0","4be72e87"
"491","492","b1e092b0","aed25a4f"
"492","493","74ce7ff7","7d2935b6"
"493","494","fe7ca91e","ffdd21df"
"494","495","9418a92d","9414900e"
"495","496","4fe0a3b2","7f509abc"
"496","497","fb3204b1","d2a54ef0"
"497","498","567df059","104fffea"
"498","499","29b2ba17","3d16fbbf"
"499","500","822b9c41","0deebaee"
"500","501","27ee2c38","6aacbb68"
"501","502","87306f08","ccf1359d"
"502","503","3d89b040","f64e772e"
"503","504","eb838968","e65986f9"
"504","505","5f8e3096","d29a7f9d"
"505","506","b1c43476","4a58b41d"
"506","507","11cdfd85","793632d7"
"507","508","3e276a0e","49b1546d"
"508","509","b7f4da96","122f7275"
"509","510","da3e2fac","bb8057cb"
"510","511","5cd6a0ab","afaaef55"
"511","512","accb90e4","b5ee4716"
"512","513","31be9387","eb3e7a2e"
"513","514","55c0765e","bccab47c"
"514","515","e38bc766","d3ce556f"
"515","516","dec82fd9","aee94c2f"
"516","517","7968b3dc","238daebf"
"517","518","3c063ce8","8f1b5423"
"518","519","00083b52","dedc2d10"
"519","520","8660425c","afa0d005"
"520","521","c9c24f8d","306a0381"
"521","522","d838947d","69b0737a"
"522","523","fbc2d8ad","d545b587"
"523","524","664d5a64","978e5aff"
"524","525","89b41f83","98fb0bae"
"525","526","f62a09bd","4ae6f060"
"526","527","426488cc","7a16ea5d"
"527","528","76527735","ffabca32"
"528","529","859b9ca5","6df92e14"
"529","530","7fbedfc8","7a116d86"
"530","531","d34ebb7a","f3ff25ce"
"531","532","462fcea8","6f9e7541"
"532","533","c43b8b67","29a3de20"
"533","534","7b6a7d54","fec0da36"
"534","535","a42bc45a","793f467d"
"535","536","1c49ed6b","d1a1d36c"
"536","537","e9028799","8493a922"
"537","538","8bcbec66","538b240c"
"538","539","78766f65","f95b1ed8"
"539","540","89b60a6d","94afa88b"
"540","541","05ee7e7f","2958a34c"
"541","542","78134626","01020a88"
"542","543","3dae4892","6baaf30f"
"543","544","fb035c23","d3c9fb57"
"544","545","9678ae27","9308dc64"
"545","546","0b4f1f31","be3a62ca"
"546","547","e6e67096","0427e6aa"
"547","548","7f1fdb88","de1233ce"
"548","549","aca46715","e6cc5307"
"549","550","98217bca","01f961fb"
"550","551","57e4d7b0","ebb218a4"
"551","552","7d6aa35e","6685814a"
"552","553","30434cf4","c7fe9170"
"553","554","7737bb98","31af457c"
"554","555","7f215413","7c16f583"
"555","556","db20e824","ec1f96cf"
"556","557","e929638e","8a4aa8f7"
"557","558","610599b0","e45bc7a7"
"558","559","d3795ce7","6a759998"
"559","560","7065b6c9","6c5223ba"
"560","561","dff4c1cc","f11274be"
"561","562","6bb1c525","e74ccd8a"
"562","563","d1eea03e","eda10289"
"563","564","bd99160b","4f593de9"
"564","565","727846f2","a4097ee0"
"565","566","38cfee16","c0710b1d"
"566","567","a6308186","54361491"
"567","568","97defd87","f167f316"
"568","569","413616b7","8a474105"
"569","570","39a524dd","68769f9c"
"570","571","d63cc678","67e5b073"
"571","572","dd72c9fe","ed92c65f"
"572","573","ef237677","2b65ba74"
"573","574","39416982","b3970bf0"
"574","575","68572c4c","bacea7b1"
"575","576","bc92bbbf","7fe16cc6"
"576","577","fccc9b56","bcc1e3db"
"577","578","b98ea066","e8e0836d"
"578","579","1a5b0b49","251794eb"
"579","580","e279331b","17e3d322"
"580","581","fbbe582b","864fd6b0"
"581","582","b3d3b3a5","42809b94"
"582","583","39c981d7","f3394ba2"
"583","584","846fc52a","c9e9deb8"
"584","585","4d7c4759","2186793b"
"585","586","20531d80","5007d47e"
"586","587","f710ae6d","d0a8b6a8"
"587","588","242a89ee","47375273"
"588","589","64f29f8b","8b023178"
"589","590","e9869803","d600a877"
"590","591","091bcb48","02246f33"
"591","592","eb12adb3","bbf1e5bf"
"592","593","a6cf39fb","f99d6e51"
"593","594","68ac7e67","cd0440f6"
"594","595","b665164f","fc248f49"
"595","596","7113516f","26774f83"
"596","597","2a80b9d9","41ad85ef"
"597","598","05e38310","4b5386da"
"598","599","2f3b3798","08167c2b"
"599","600","4930f7d8","1b486613"
"600","601","87ee70ed","bfcfed7e"
"601","602","71bf62d3","dfad9f0b"
"602","603","cc7b1dca","e7bbc9e0"
"603","604","6a2ad4d0","70175233"
"604","605","fc87e1c5","09d3ab58"
"605","606","81081df1","2b0ac35b"
"606","607","1eb33368","f88931e6"
"607","608","f94b99b3","a18e6715"
"608","609","fe1b77a1","132776ae"
"609","610","d9fd560f","90306fa8"
"610","611","bb71d297","f1d40a79"
"611","612","1987c711","f27989b1"
"612","613","71f34059","32478ef4"
"613","614","bfd4e81b","3cc3ce5e"
"614","615","fea0b36c","81ee8edb"
"615","616","8917dd99","3d46e0f3"
"616","617","df2b61f9","26640543"
"617","618","10296ba0","583a6f47"
"618","619","981a2b38","ff80f473"
"619","620","835ce1c3","e03c9025"
"620","621","7b6009b7","3633c0ab"
"621","622","dc9ea9db","fef96640"
"622","623","9ab79367","52ad85da"
"623","624","3b252c81","fa8dfcc9"
"624","625","e57dc5a7","e4ce4c40"
"625","626","33bc9eaf","28dca167"
"626","627","3aafa161","12004b60"
"627","628","b9839ee5","19351eac"
"628","629","bc2518f0","4eb74d19"
"629","630","a615b4f6","f0a433ff"
"630","631","5738aaa4","06f493df"
"631","632","63197301","89e74f2a"
"632","633","d4fdc435","f1cf9f8a"
"633","634","c5cdacc5","8ff2874f"
"634","635","2af4c008","1fd972fd"
"635","636","33f3411d","cd75598a"
"636","637","c1fa7efa","1147babb"
"637","638","09a977e8","38e0e2e3"
"638","639","4e6f30fe","d388188a"
"639","640","d3996ce3","d93ff74b"
"640","641","3a608720","e91e6fc5"
"641","642","a77b936e","17c511f0"
"642","643","5b4bd58c","291c4ca1"
"643","644","938b99eb","b1764aa5"
"644","645","6d4e84e4","7a43559e"
"645","646","680ec5de","7e79c3c4"
"646","647","30b0e784","14e9b798"
"647","648","57292682","aea989a2"
"648","649","db07b39d","b793bd98"
"649","650","f58728bc","cd376858"
"650","651","8b37900b","31bd1c03"
"651","652","b3e142dc","c16f56a3"
"652","653","8b5a2ec2","8bd3ef8a"
"653","654","01eca119","fe0c30f6"
"654","655","b8d43a14","b93709a9"
"655","656","0093bbe6","22537fcf"
"656","657","4952de0a","e9ce12f1"
"657","658","a15dabf3","3cbe6c27"
"658","659","289db2a6","1a5dbcca"
"659","660","6857cd0a","941a910e"
"660","661","179a7a5c","129e0506"
"661","662","1a5f33c2","576d66fa"
"662","663","7c783387","de35a462"
"663","664","eb43446d","2a41f1b3"
"664","665","4900f2b2","9f4ffa84"
"665","666","45738b6a","b03ae187"
"666","667","2960c9b2","88d43f80"
"667","668","a324b09c","f0b17d95"
"668","669","c6afdb11","b25361ec"
"669","670","91f043cf","ce30fd53"
"670","671","8e39c79a","e5e7f282"
"671","672","71b1695b","3c766edd"
"672","673","7418463f","e133c797"
"673","674","58e4f087","6d032673"
"674","675","159be831","9bc47831"
"675","676","d0a60105","378b8438"
"676","677","95a61cdc","55eeefdc"
"677","678","7bbc71ad","7e0980da"
"678","679","c3bc21ab","41a5a9f2"
"679","680","aaa5567d","b9c16699"
"680","681","a4a42a44","ed5f83ee"
"681","682","989b3749","58b8dbef"
"682","683","73926b50","7a137a98"
"683","684","0ea39968","186d9fff"
"684","685","79f2f920","1803d706"
"685","686","fd7d6a0c","1b403529"
"686","687","b618ce49","705e0ac0"
"687","688","3dfe49da","a1772242"
"688","689","6f1d3e6c","dc3b80c5"
"689","690","de9f5c0c","c745f0b3"
"690","691","341e8f98","af6f4b69"
"691","692","b50840a0","d067f4cb"
"692","693","ec30ebf4","5198ee82"
"693","694","d815f2e4","1c254f0a"
"694","695","518a4835","6e59270a"
"695","696","4b2b249b","4c17c87b"
"696","697","265f03c6","8acbafe6"
"697","698","9a620afb","0b15ed30"
"698","699","a7ae3a89","3f05abec"
"699","700","22025388","a47e44c2"
"700","701","5a7ee02c","c612449b"
"701","702","416c52fc","5c76b446"
"702","703","f8612e1d","54ff588f"
"703","704","3f0f685a","ed7b620e"
"704","705","872a764d","443431f7"
"705","706","a705a9e0","da02fc68"
"706","707","35410449","ba94e818"
"707","708","52a28a23","d8126ed7"
"708","709","ea905ed9","fd855f4e"
"709","710","380675ba","c27816fe"
"710","711","2b91981e","31af5708"
"711","712","a8348db3","63518fe2"
"712","713","8781c652","4b3c1670"
"713","714","eb87176f","c00e5eec"
"714","715","0ec23063","4ab780c0"
"715","716","a1fc6eb9","7abc841a"
"716","717","2865909b","c6944876"
"717","718","8d326b2c","48478fca"
"718","719","b15e2a6d","c20357f8"
"719","720","a5bbb62f","c1363016"
"720","721","be7269ee","a1ccbfd1"
"721","722","70e79546","9b800d6e"
"722","723","1d940bd4","7debd9d4"
"723","724","c9638b9b","b4be9db9"
"724","725","43a3ae62","f1207841"
"725","726","20fc9f8a","fd85987a"
"726","727","c4535319","754c1232"
"727","728","25b1829a","2cdb721d"
"728","729","cf25cac0","4443fce7"
"729","730","03750338","247c2e86"
"730","731","5116b94f","b756ea5b"
"731","732","d9db4cb4","f6e97816"
"732","733","c7caae74","fffd147f"
"733","734","a92042d8","20de43c1"
"734","735","26bbbf4a","5a7f4c91"
"735","736","0df3b65b","d87ad7df"
"736","737","a970c61e","820e475d"
"737","738","7336e9e1","31a16a12"
"738","739","e8bb5f46","dae6370e"
"739","740","1b0fe4d2","eef2219f"
"740","741","36b342dd","71605e87"
"741","742","8dd8ea7d","600f87a2"
"742","743","28b4baa4","d8ab6791"
"743","744","eae7f8cf","a319b0d4"
"744","745","d468949c","ca1e4ba3"
"745","746","65c57e77","99c3577b"
"746","747","97ea8729","8896534e"
"747","748","9e520607","0019a62d"
"748","749","5ca3f678","599f5fba"
"749","750","1ffb3d06","9dc6d0ab"
"750","751","67789e2f","567bd6c1"
"751","752","c460f281","22267e6f"
"752","753","db18d2a9","f39c613a"
"753","754","523d8338","904b3099"
"754","755","20e9f6b7","28589a3e"
"755","756","769b8e9b","e7aa04cc"
"756","757","db14845f","435366d7"
"757","758","711c367e","6a620ee5"
"758","759","424136e1","9fb4959c"
"759","760","52da3e2e","e3766aca"
"760","761","a5b17ea5","c0ea0e36"
"761","762","b52df285","728cb738"
"762","763","c0c04b6e","43834046"
"763","764","91f54450","dd14b39b"
"764","765","4511334b","1e3dde6d"
"765","766","8f9be1e6","11ef8324"
"766","767","be6157ef","06a3491b"
"767","768","83a2afba","0a171789"
"768","769","e85d21e3","19ba6e37"
"769","770","3d08cb52","9cee85ea"
"770","771","1332c5d7","dc989a04"
"771","772","b8aada8c","d6114ebf"
"772","773","707be2f6","2f21e32c"
"773","774","3514d26d","59f7c77a"
"774","775","61072693","785ccb78"
"775","776","8de17673","46a7f338"
"776","777","7bab2f35","259a361b"
"777","778","5be447ea","5be16323"
"778","779","7fce2991","ae0b895a"
"779","780","818b9d0d","03c4184e"
"780","781","0db1e66c","e59e23ba"
"781","782","844e39f9","11e4b1f5"
"782","783","67543ca7","ed70c365"
"783","784","99108984","815a8953"
"784","785","ddfff033","2c106d96"
"785","786","df4ea24e","c619dc4f"
"786","787","2cb14394","5569f70e"
"787","788","f534cc3d","47e4613d"
"788","789","3799f376","62556cb6"
"789","790","f4772c64","5fdfd425"
"790","791","159ee1c7","f65ef965"
"791","792","dc64a13f","18b0df50"
"792","793","e887ba57","eb468356"
"793","794","3fb06c8e","6774b03b"
"794","795","1a1ced56","f9b13a4d"
"795","796","b2719925","81b216e3"
"796","797","bfb0373a","06dbf71e"
"797","798","23fdf473","0d36177e"
"798","799","624b3dd0","f88f8fa8"
"799","800","ed6a907e","fc4e7c18"
"800","801","7061a2d7","8f129451"
"801","802","1479fecc","a8f156b2"
"802","803","68eb8e6a","6f7d594c"
"803","804","31ecf30c","4c1a0210"
"804","805","c807f804","83b82f4c"
"805","806","c8bd2fa9","7c7052a1"
"806","807","695fd6fb","44c659f3"
"807","808","0fa1991e","5ce05eb7"
"808","809","9c682bc0","c2465490"
"809","810","f6ef96d8","7f9421cd"
"810","811","f8d585cf","9b686343"
"811","812","e51562f8","ae792790"
"812","813","8574716e","a248aee7"
"813","814","9c931df2","28b586ff"
"814","815","2289c9b6","30b35d3d"
"815","816","289fba59","363871ee"
"816","817","f8123c79","f10b989f"
"817","818","953254e5","f4305d49"
"818","819","6153cdf5","36789c59"
"819","820","4ed8026d","106a02cd"
"820","821","ddc05f98","27c258a4"
"821","822","7224639a","0e5f6bfc"
"822","823","d1456885","049d5918"
"823","824","1cecabb5","c22611c5"
"824","825","d2f23248","3c7c2498"
"825","826","7c4e5a32","0318f22d"
"826","827","876ddf3f","4b8ace4d"
"827","828","e2417c1a","bb69dfbf"
"828","829","c3c27ff1","d24247b5"
"829","830","616e80b2","898939f1"
"830","831","685984b5","acb3b962"
"831","832","00baeb80","08d012e3"
"832","833","8fc56ec6","579218d1"
"833","834","0ca1f67d","0e5cdf7e"
"834","835","ffa0aad1","c09383c1"
"835","836","6f13a1a5","f0f76a32"
"836","837","5b0a3639","00b97a8e"
"837","838","98d2b2e3","9fc72c8e"
"838","839","bcfedc50","d5db2c47"
"839","840","8ea45948","766eab3a"
"840","841","26fe7d96","05846943"
"841","842","ed3a817b","226ebf08"
"842","843","711243e3","4a081c14"
"843","844","4587e909","b770c926"
"844","845","45f786db","d92f6cb6"
"845","846","bd4e245a","97bb0803"
"846","847","a9a5ddf4","05b6a01d"
"847","848","79d01b7c","6475d5d8"
"848","849","fbc46d07","65f3e184"
"849","850","d4f06de8","a826ce5a"
"850","851","83de4ea9","079366c3"
"851","852","6bbe77cb","5ae15485"
"852","853","ec8dbccc","b913fa17"
"853","854","fc16be9b","394e0056"
"854","855","d6341012","4c2ab7cb"
"855","856","ead70128","b62ae3bf"
"856","857","09915cee","766e1a39"
"857","858","99768159","29cfed49"
"858","859","bac8913a","0e7fa53a"
"859","860","3a3c5be6","4fdb254c"
"860","861","b324c75f","8a0ba5df"
"861","862","05460619","13be1731"
"862","863","b517f07a","861bda5f"
"863","864","e42f92d0","73c47257"
"864","865","a1868042","f617cd58"
"865","866","6527f298","9950f7c9"
"866","867","4b8bba61","8d37406c"
"867","868","fbb66887","4eebd989"
"868","869","54c21b9e","1c77e428"
"869","870","4e80fa15","26aacedb"
"870","871","5331c225","98702e61"
"871","872","0a3aafb5","fa411e01"
"872","873","e7b388de","65291429"
"873","874","7e2228d0","ac7c4857"
"874","875","34c6ab9d","9e3ba580"
"875","876","5c035700","9725bdc3"
"876","877","5320dcc8","d1267bbe"
"877","878","ecac9c5a","ab5b8411"
"878","879","ef7c906c","eee4a6c3"
"879","880","f359ee86","478128e4"
"880","881","c1bb9f45","2cd6ca30"
"881","882","7fa24591","0627d653"
"882","883","9ea03554","f50acaed"
"883","884","6dfc2b0c","9cbe228e"
"884","885","9490cc28","d031dcec"
"885","886","92d39ca0","7a50cb56"
"886","887","705a0665","a99d01aa"
"887","888","f34143be","d3a5c42d"
"888","889","515e2262","d80dff4b"
"889","890","1a0aac75","4dd9e688"
"890","891","ea83c16d","61c8f0b7"
"891","892","ff56da7b","627408e4"
"892","893","3703d802","2c83b4dd"
"893","894","569358f9","aa539470"
"894","895","25e0ed2c","9f159af5"
"895","896","e0dc9be4","3a7be54d"
"896","897","fc3ae80f","e5146d3a"
"897","898","5b85a59b","fc7e5841"
"898","899","8d8cecd2","c4bbbdc9"
"899","900","e74d59d4","b3334f43"
"900","901","eb5f5fd9","8e329fcd"
"901","902","d2d635c9","bb724cf8"
"902","903","c8cd3e0f","4af6e21e"
"903","904","2dee12cb","7e3d704c"
"904","905","021c33ea","03d5d3c7"
"905","906","2aa1071c","5e78070a"
"906","907","53d4bbfd","dca7b96c"
"907","908","c32e197a","97539061"
"908","909","5dfe7045","e5faf13f"
"909","910","1298eca3","7bfb9212"
"910","911","6e95661f","9489a7f4"
"911","912","2f6771d3","f6d01a0c"
"912","913","93af3ed8","27cd3a5d"
"913","914","f4d6c429","a07f37fa"
"914","915","49e674a0","30f59e7c"
"915","916","4d9b9c2a","5e599960"
"916","917","3fe97f4f","c84d7174"
"917","918","3a0137cf","6723c49d"
"918","919","27827ea3","6b08e120"
"919","920","b042a595","132e125e"
"920","921","b6e31a6d","f4851a84"
"921","922","c6d98a2a","fdca7d22"
"922","923","dd351a21","9d13fefb"
"923","924","6a7c6839","f6d37eef"
"924","925","33fb1514","0444ad2e"
"925","926","5814eb23","8ad8c570"
"926","927","b8f1b55f","8059349d"
"927","928","57da4edf","6a25a687"
"928","929","94b1cca0","ddb5bd70"
"929","930","f1feb31b","d2031ec4"
"930","931","83e5a2b9","1bbd39c0"
"931","932","c3662948","1f01f137"
"932","933","95fa1c4b","114583ae"
"933","934","d8095f22","1a9a6f3d"
"934","935","6c99acc1","13bccffa"
"935","936","cbf76253","887847d7"
"936","937","b79a6606","788e320e"
"937","938","991fdd3c","4888614f"
"938","939","d10d7295","ab184d9d"
"939","940","d228bf30","42d6f7c3"
"940","941","ce33972e","0da6b1b9"
"941","942","f8a710e0","1947df02"
"942","943","a6257e81","992aa9da"
"943","944","1933583d","88cfdfdc"
"944","945","6181bb2f","f0942d05"
"945","946","221bf65e","bf14ac86"
"946","947","b37e4917","aaeae52a"
"947","948","450660cb","bb53b012"
"948","949","e66b1c63","0ffa2e82"
"949","950","ff5a7107","136831e5"
"950","951","84c67a14","f10c7632"
"951","952","a0b840ca","243fe876"
"952","953","19d13f3c","18bd6e09"
"953","954","59f6f0fe","8a1390ab"
"954","955","ec324f0c","15ea654f"
"955","956","0e55ce9a","684f5e65"
"956","957","2b5a7abc","fe868c7e"
"957","958","c7d45655","90eeea97"
"958","959","6c1b537f","84251e2b"
"959","960","5e2c00db","ef6c64af"
"960","961","21cf770e","805cc377"
"961","962","f0bc0eae","48995ca4"
"962","963","1df76950","45cdb375"
"963","964","357cb031","91a399e0"
"964","965","3970f0f4","7beb71bc"
"965","966","974c01de","489c935f"
"966","967","d4192304","e469bce6"
"967","968","c1a425b8","cfccfc5a"
"968","969","175ffbd7","ecce4dfa"
"969","970","61fa5e5f","f80481d0"
"970","971","f9f2f6ba","01bf08c5"
"971","972","406bbd0a","e838baf2"
"972","973","bddc4752","b8e678e3"
"973","974","fb77a844","7e5ae4f4"
"974","975","1d65df07","da7922f6"
"975","976","3302524a","023a0e8d"
"976","977","7e764856","c55948b8"
"977","978","4d317710","bf9c1972"
"978","979","ea6904e1","1f837d8c"
"979","980","b970669a","1ff5ef92"
"980","981","a46e6f32","df6ef974"
"981","982","1273a020","b88c378f"
"982","983","c254d042","9572b3b0"
"983","984","829792b7","18028d87"
"984","985","2543f839","0bab0f97"
"985","986","59ae41f4","350528c2"
"986","987","2fc04aa9","24730c6f"
"987","988","dec4d536","ea2e872a"
"988","989","2226efd3","7e2996dc"
"989","990","e3a9f486","28a957b7"
"990","991","b780457f","ab10e2a3"
"991","992","bb9c0a27","4aaf906d"
"992","993","fa0092fc","d3589430"
"993","994","4e671d9a","1f357b4e"
"994","995","2e5d547c","99927fc1"
"995","996","2ed96514","46d399af"
"996","997","f622f2a3","ada0e0a7"
"997","998","dca01f74","d99830d7"
"998","999","df7209ce","65ade24d"
"999","1000","8f20e44b","2fb304b0"
"1000","1001","efb48199","e331ae10"
"1001","1002","0848d8e9","1ceddb1c"
"1002","1003","0f8042f8","4f37de79"
"1003","1004","27c289aa","c37b253c"
"1004","1005","6c8af408","e3072327"
"1005","1006","91b5afc4","30d158ee"
"1006","1007","389593fb","2261c015"
"1007","1008","71d4a27b","aa208d2d"
"1008","1009","d7a9de38","0290d1f8"
"1009","1010","8769e99d","6ac869fd"
"1010","1011","4ad57288","4e76da2a"
"1011","1012","ef0030d2","ae3b9f0a"
"1012","1013","b1874836","18fad7e6"
"1013","1014","87c6d789","d8db9dee"
"1014","1015","cef6f872","75ccc98c"
"1015","1016","408d8760","08b64645"
"1016","1017","f8265f29","2247c161"
"1017","1018","4b0c8e78","66f9cf19"
"1018","1019","47324ec9","629b3e23"
"1019","1020","004ae5e7","3aacd651"
"1020","1021","7e278911","6ac2d364"
"1021","1022","e167cf2a","dd76def8"
"1022","1023","f80fa28c","7e2f80c5"
"1023","1024","52fb5cee","bcecfd6f"
"1024","1025","db851c63","eec37973"
"1025","1026","45889fe5","05cd3468"
"1026","1027","dc188052","cc64b412"
"1027","1028","d6e4310c","d2fb0575"
"1028","1029","4e26f05b","cc7e099e"
"1029","1030","bbd126ee","cca610d0"
"1030","1031","07250ad7","a283a244"
"1031","1032","6a07c296","45dfb6f8"
"1032","1033","628e63f4","36c50581"
"1033","1034","8626235b","4dfdc5a6"
"1034","1035","6d5b8fdb","de74f7de"
"1035","1036","575df62f","6e15d283"
"1036","1037","b13ae679","09783017"
"1037","1038","cd3710ea","7d5ea52f"
"1038","1039","7095ba46","a62a7d11"
"1039","1040","1c6e0a9c","3fc51998"
"1040","1041","1fea065a","df02f065"
"1041","1042","5c53be0c","35204485"
"1042","1043","b1078665","a18c8f80"
"1043","1044","cc4b1424","d6887632"
"1044","1045","854631bc","1f7dd22d"
"1045","1046","df0bb8c4","1608536a"
"1046","1047","f67c01bb","55935bbe"
"1047","1048","9b971cef","2ec3e9ba"
"1048","1049","164be462","c6161554"
"1049","1050","4d5f2877","b4483f70"
"1050","1051","eb08ce10","b6da3439"
"1051","1052","07a42d8d","e076b2d1"
"1052","1053","507bcad0","40cd05dd"
"1053","1054","6bcaff61","43a27f70"
"1054","1055","39251bed","30298310"
"1055","1056","fc894be6","783838d9"
"1056","1057","837465ab","7ebe2e45"
"1057","1058","f4ad2ddb","fe1387a8"
"1058","1059","37bda79f","b5575e30"
"1059","1060","b098da6d","82974466"
"1060","1061","fcd1d94c","dc6cbdbc"
"1061","1062","a076918b","76603926"
"1062","1063","e4e98db3","4b1a4dca"
"1063","1064","67df50ee","5963cd8f"
"1064","1065","dc64042e","4737f1d3"
"1065","1066","fe7b5014","edc5d06c"
"1066","1067","5e155845","ff06d085"
"1067","1068","9b2edebd","51efe85f"
"1068","1069","3251b6cc","666f971d"
"1069","1070","c3820961","3c30ae50"
"1070","1071","916b9b89","cb009aa9"
"1071","1072","87931f3e","33fce733"
"1072","1073","526d1686","a2a6bed6"
"1073","1074","20c9c5c7","6ab08110"
"1074","1075","79682886","009f4b77"
"1075","1076","3823dd6a","132a08cd"
"1076","1077","c13eb200","8eec04db"
"1077","1078","58747073","2b9df674"
"1078","1079","022ffe83","d524f556"
"1079","1080","2362cc93","d86f7ab9"
"1080","1081","21254244","1bc547dd"
"1081","1082","a4fd15a8","aac7fd9e"
"1082","1083","9312ec33","1c04f99e"
"1083","1084","3d450e9d","376e6141"
"1084","1085","812df0ed","e89cc0fd"
"1085","1086","4d64a839","89198d38"
"1086","1087","3ea6e48d","917d58f0"
"1087","1088","77e8d6d3","52410920"
"1088","1089","01d16c78","e495b726"
"1089","1090","ffdc471f","ca044e59"
"1090","1091","9e491b6e","4046fcb5"
"1091","1092","cae744a5","9b9baee9"
"1092","1093","ff6fab43","6d46081a"
"1093","1094","79ea9835","d8355a1f"
"1094","1095","5c82b1e6","9292f3ab"
"1095","1096","8ec58de4","52ed8d90"
"1096","1097","2af3a090","0f15eab9"
"1097","1098","3d3b2148","8e7a8667"
"1098","1099","65b53276","8fc8048a"
"1099","1100","e8010cc4","79c9cd5a"
"1100","1101","efc9ecf7","08b4d877"
"1101","1102","f51f5b9f","7e665170"
"1102","1103","4b854f06","10031620"
"1103","1104","c86a4326","a75f2f01"
"1104","1105","f6e8fcf3","bde6c123"
"1105","1106","9df8ea82","97d20711"
"1106","1107","0724e639","464a480b"
"1107","1108","6f6c39f9","98d34192"
"1108","1109","d615c0cb","f7bf0745"
"1109","1110","d65ba74b","55702570"
"1110","1111","52cca0d5","fac80964"
"1111","1112","e1086a7d","35111284"
"1112","1113","701e5ead","fcc70dbc"
"1113","1114","68c4fb2f","0c009e0e"
"1114","1115","3e39fe26","9d1701f8"
"1115","1116","48d51220","f3c0a8f6"
"1116","1117","2d993362","731a0769"
"1117","1118","f3b550b0","e3705c12"
"1118","1119","1e153c60","042c81bb"
"1119","1120","b29839af","76ce4f22"
"1120","1121","4b61004d","1446f78a"
"1121","1122","1d04ed9b","10f4fcb4"
"1122","1123","628408ca","7b1d3b6e"
"1123","1124","ba3b8e59","eab6fd62"
"1124","1125","31b73316","e40ffa03"
"1125","1126","2e0fc5d6","8e72c074"
"1126","1127","54d88631","145a9bc2"
"1127","1128","b26ad463","54cb611d"
"1128","1129","9981f8ee","5c3eefbb"
"1129","1130","f87ed27e","a6ee15ae"
"1130","1131","e5853aa9","0fc236bb"
"1131","1132","8ad255e4","e9ace0e1"
"1132","1133","f5a5a66c","a100e9b9"
"1133","1134","9f146f28","07c5354a"
"1134","1135","2ae6a351","29b6a476"
"1135","1136","d1cc4055","684c58ba"
"1136","1137","a686202b","cea7a15c"
"1137","1138","33d5d6b8","063aa699"
"1138","1139","68642bcc","0bc57031"
"1139","1140","b3f2e3ee","cb547e9b"
"1140","1141","6644c259","be8e450d"
"1141","1142","5adc7c13","32ed82d5"
"1142","1143","8b53ac85","a02faf5b"
"1143","1144","c281e9b6","7b1afd6c"
"1144","1145","81550f9b","65da27a0"
"1145","1146","8e488b12","81cef6a0"
"1146","1147","47192721","2bbf2c5d"
"1147","1148","c9d66982","3d334493"
"1148","1149","e7ac355e","a6052f52"
"1149","1150","8d2cacec","07c68953"
"1150","1151","438f0084","515f7a36"
"1151","1152","14759b18","9ace143b"
"1152","1153","f9b8c363","05d1e0ba"
"1153","1154","77f388e2","3b938b2d"
"1154","1155","5c13510d","dc6a36f7"
"1155","1156","fdb00311","a1dbc5af"
"1156","1157","20a9488e","5fd09f3e"
"1157","1158","e63b1be0","31016dfa"
"1158","1159","c2c4c6b1","503c56c0"
"1159","1160","5ca773f0","80aa0fb8"
"1160","1161","3ddcafef","dc3e1d88"
"1161","1162","900a87b5","8707300a"
"1162","1163","0e6a6672","f0148672"
"1163","1164","8a786bed","61634854"
"1164","1165","dd4d6bc0","efd76fa0"
"1165","1166","71fa82c3","7be7daa8"
"1166","1167","0f807ded","bc5b8dee"
"1167","1168","917f81ed","ccec3f45"
"1168","1169","b670d9ff","7f7018a6"
"1169","1170","1d3514be","bb484e9a"
"1170","1171","d7d48dbc","256c6260"
"1171","1172","80516fa8","12889f4c"
"1172","1173","0945bdc4","d6bd7863"
"1173","1174","8fda7a8d","4f6823f4"
"1174","1175","dc257929","619e2f11"
"1175","1176","bc1d3fa6","fe5ef1ec"
"1176","1177","c4b8c087","2904acc3"
"1177","1178","7f491ab5","d7729e7a"
"1178","1179","fd7ef203","a851fac7"
"1179","1180","6d0c08d7","f49aa0c7"
"1180","1181","3a40d078","598408e0"
"1181","1182","265aefbf","a44c8689"
"1182","1183","ff4ff149","40051fed"
"1183","1184","db87c27d","c082bfc1"
"1184","1185","57ebb6db","f75e27d0"
"1185","1186","1e07aec2","1ef30a89"
"1186","1187","1c941d1f","6a464794"
"1187","1188","ca045f1e","ec16d849"
"1188","1189","dbc1d5d5","388d2c64"
"1189","1190","df08dad5","caf1ce4a"
"1190","1191","f6dbfeb1","03c0f89a"
"1191","1192","d83ce1bb","9590ae00"
"1192","1193","f82af60b","6e0bbf39"
"1193","1194","bcf0db9d","84084a97"
"1194","1195","9e30fb83","953ab796"
"1195","1196","7644aaff","9ce3f85f"
"1196","1197","ef949f2b","b726d4d1"
"1197","1198","733d1537","9e3e12c6"
"1198","1199","e51b8c05","0366f077"
"1199","1200","dc12dd9f","9bbbc164"
"1200","1201","27a8c159","bcd1ea2d"
"1201","1202","51f68435","84a50f31"
"1202","1203","4bcb6a13","ed50bf87"
"1203","1204","b0e05337","f2179708"
"1204","1205","ff4004b6","b22fc8ec"
"1205","1206","4e9dd59a","7cd32a2b"
"1206","1207","b8c09fd9","031270a1"
"1207","1208","caeaa3fc","f8542d2c"
"1208","1209","10aab901","2c55cdae"
"1209","1210","8bf98040","e4a5125c"
"1210","1211","30a6a34e","190e556f"
"1211","1212","9a717f39","b541ad2a"
"1212","1213","fc6df17e","97193cb1"
"1213","1214","2adb8809","d893936a"
"1214","1215","7160f008","06989840"
"1215","1216","3e15d87e","8c35c18c"
"1216","1217","53bc7583","6b66f124"
"1217","1218","a624c453","77012faf"
"1218","1219","9e2ab0c2","ab4bddff"
"1219","1220","91940aa2","bbb2e1cc"
"1220","1221","02cb9c6c","ca639de5"
"1221","1222","64e8c52f","d07ca712"
"1222","1223","cfebaa22","5d6a6db7"
"1223","1224","90aec8d3","b3c7841a"
"1224","1225","d94727d9","8a6abd99"
"1225","1226","40bf4a0f","54f3a81b"
"1226","1227","d8d178b6","f84d8d5d"
"1227","1228","971d2898","c297f622"
"1228","1229","b6825955","1d4a56c5"
"1229","1230","e9c84e27","b2d9f7d3"
"1230","1231","db6c6fd7","b1f36ebc"
"1231","1232","c7745878","ffee100f"
"1232","1233","7ae28702","f14967f8"
"1233","1234","dd1a4c3f","29d82a15"
"1234","1235","715d333d","20ad39ce"
"1235","1236","e1b1957a","924e91a8"
"1236","1237","82c46b42","c2644277"
"1237","1238","c453de51","da3e7bcb"
"1238","1239","ad94f938","bab1f165"
"1239","1240","acc29a22","766a460b"
"1240","1241","4c79b994","f807bb7c"
"1241","1242","de747eec","15e47848"
"1242","1243","45dfeecd","4fc10cd6"
"1243","1244","a97261de","045d70de"
"1244","1245","214cdbba","2a39eda3"
"1245","1246","d87c7176","8b84744b"
"1246","1247","f74f53c2","67902558"
"1247","1248","45764bee","eda30826"
"1248","1249","4579dc26","fac658ad"
"1249","1250","d9a18a39","df64021d"
"1250","1251","9138a03e","c9029156"
"1251","1252","85cd916b","1aacd93d"
"1252","1253","3c575bfe","8ab73cbc"
"1253","1254","14718b16","5c58a3a0"
"1254","1255","8797f001","d21a37d8"
"1255","1256","2fdbc0e8","d5627571"
"1256","1257","518c3b7c","51b1ee7b"
"1257","1258","d49906fb","7dd5e1a1"
"1258","1259","cbd9d015","f3f6a30c"
"1259","1260","c9352142","9052eab7"
"1260","1261","f401dc67","ba37b22c"
"1261","1262","c86cf5a5","32e5aa6b"
"1262","1263","83909947","547ed57d"
"1263","1264","71f6ef27","1e0c1bf0"
"1264","1265","c8f4d07e","dcdfe9d0"
"1265","1266","6eafa39d","bdfa35a6"
"1266","1267","60556da5","797bdb71"
"1267","1268","a46fcdb6","a482e4e6"
"1268","1269","e8ba37c4","3f5b77a5"
"1269","1270","b4903939","d4ab34c2"
"1270","1271","b7b0194b","1675d585"
"1271","1272","a8806ed9","319148fe"
"1272","1273","a9bf1018","1ecaee10"
"1273","1274","99871594","5a98c125"
"1274","1275","55f2c4b4","b2a53c02"
"1275","1276","1afb0a1a","13d10c39"
"1276","1277","ac3f6f9b","81fc38e7"
"1277","1278","cea74ddd","ac37db73"
"1278","1279","ef119fcb","7ad2d6e1"
"1279","1280","5fb3baa3","17897989"
"1280","1281","99519506","cb0054fd"
"1281","1282","0c3e9604","2d01a785"
"1282","1283","9817264f","974d99b7"
"1283","1284","cc87c748","19c1ba52"
"1284","1285","0b8fc6fc","ad38d23d"
"1285","1286","858cca8e","7168e0c7"
"1286","1287","82a375b1","ea5df89a"
"1287","1288","8d4bb317","4bf7b2e8"
"1288","1289","6e03c3aa","51727e97"
"1289","1290","5af758ce","6f11243e"
"1290","1291","a6774b95","dc4d20b9"
"1291","1292","d68f24ed","f9cb55ed"
"1292","1293","f9dbc86b","c2c04300"
"1293","1294","278fec56","6a457300"
"1294","1295","13a2275d","85efdded"
"1295","1296","13de7836","3deede7a"
"1296","1297","4ffcb0cf","bf2a8384"
"1297","1298","a75c4770","3d077c38"
"1298","1299","164accca","cfd67f15"
"1299","1300","aaec38a8","be3e568f"
"1300","1301","ce1bdc50","caef2ef0"
"1301","1302","4a60b209","155a130a"
"1302","1303","d542a780","aa599bf1"
"1303","1304","073aa5a5","4718c641"
"1304","1305","3410bc26","c51effd5"
"1305","1306","a3dc3292","564f2338"
"1306","1307","1c5dda69","73d5915a"
"1307","1308","d8af69a0","b07864f3"
"1308","1309","bd26c7df","e472b183"
"1309","1310","8069ad18","cc3587c2"
"1310","1311","57d95690","a963cc14"
"1311","1312","aea792c8","64f4d9a3"
"1312","1313","421ae461","b1f72e2e"
"1313","1314","74f036c4","5506ca40"
"1314","1315","8ead2660","21b01348"
"1315","1316","acce61e2","87d17fa2"
"1316","1317","461b83c2","b3d8542a"
"1317","1318","0ba94219","3def2180"
"1318","1319","6ae76b31","8576be0a"
"1319","1320","a9baa0f4","91caa99c"
"1320","1321","1ea6ba10","2cbd8908"
"1321","1322","e4247368","7dc1b640"
"1322","1323","8d725ec5","dc8086fa"
"1323","1324","60e66c77","5d924223"
"1324","1325","821340e4","43ad6312"
"1325","1326","315e8cb3","6fd57ae0"
"1326","1327","678fb275","390bd226"
"1327","1328","7e4352b9","75698e1e"
"1328","1329","791579c0","5138cd18"
"1329","1330","f68b2318","6470c1e3"
"1330","1331","66f4eaac","da1d58bf"
"1331","1332","7abc7c68","4c5686c6"
"1332","1333","71d8a6ea","1b16dcba"
"1333","1334","9f1c312f","4385017e"
"1334","1335","b49371ad","1a1fc196"
"1335","1336","7869a470","74fcd9ce"
"1336","1337","ccbdab31","072010bd"
"1337","1338","1a454d51","3f8e2a5b"
"1338","1339","7aa8dada","477b7a02"
"1339","1340","c02ef487","d3ec132d"
"1340","1341","00526183","c46595c8"
"1341","1342","c01b6501","bd6e8119"
"1342","1343","77e0201a","c0a4f45d"
"1343","1344","756a3440","f6541d45"
"1344","1345","cadffb6e","c6e0f3d6"
"1345","1346","0a9afaf2","cf62999f"
"1346","1347","0c6499e3","c4cad54b"
"1347","1348","9b027f51","6f295e5a"
"1348","1349","5c8db517","e425cd3e"
"1349","1350","c942b17a","0a94c00d"
"1350","1351","74603b24","b430b4b9"
"1351","1352","b47471c2","07143cd1"
"1352","1353","94a0e430","df3d042e"
"1353","1354","01a4a819","98aea062"
"1354","1355","cb92a121","acbadca8"
"1355","1356","05a8b23c","5e8bc261"
"1356","1357","e62a4c98","853992b9"
"1357","1358","db32a3fd","a1464397"
"1358","1359","15773622","4a76d3b6"
"1359","1360","03a6f8c6","a9ece853"
"1360","1361","5f0876b1","ed0d785d"
"1361","1362","714ef37a","ea68d3f4"
"1362","1363","23d881f8","9ada29ef"
"1363","1364","0e9f9bb4","13b8f022"
"1364","1365","a9a6dec7","398c5205"
"1365","1366","8148b935","df237263"
"1366","1367","0f7413a9","9d35d752"
"1367","1368","9e88d99c","6d92c69a"
"1368","1369","e53e7145","a8f8ac16"
"1369","1370","5793af68","0a42cbb9"
"1370","1371","0d60ddd2","8b3bdbab"
"1371","1372","05915377","0779cc83"
"1372","1373","414985d6","15984fca"
"1373","1374","98d25798","5d808670"
"1374","1375","f6773073","10097d8e"
"1375","1376","e56019ca","6c6fa61e"
"1376","1377","a82cf9b4","492ca53f"
"1377","1378","bd08de40","407c8332"
"1378","1379","311e2808","58f61e2b"
"1379","1380","d8b1e2ed","6c444283"
"1380","1381","0d16e757","b0a541d7"
"1381","1382","c84e395e","b221d038"
"1382","1383","99fdbacc","f41ef219"
"1383","1384","d0084eae","1bd131f0"
"1384","1385","99982c56","5ff191c1"
"1385","1386","f88621be","6b0be212"
"1386","1387","039022aa","72130211"
"1387","1388","0fa6a92e","1402728f"
"1388","1389","13d0ff28","9997ff8f"
"1389","1390","b8287f3c","d5ca544d"
"1390","1391","8cb431f1","1c3a4a75"
"1391","1392","85d32f88","a5081d52"
"1392","1393","611cf69d","7dea7bd5"
"1393","1394","672d123c","59b81f12"
"1394","1395","174dcd6b","1bbaf94c"
"1395","1396","25c27cf2","4a81f4a7"
"1396","1397","d54ca19f","0fbf1447"
"1397","1398","2e74a9fc","128eb10a"
"1398","1399","8632f045","d3bf79af"
"1399","1400","913f924b","0adf3103"
"1400","1401","a0f2fb3f","2e8b5ce2"
"1401","1402","8db45a44","f194e651"
"1402","1403","e43018fa","a3c0db1f"
"1403","1404","9b3ef84f","8515ec19"
"1404","1405","7ed8646d","3d56392e"
"1405","1406","59b19a35","967c19e1"
"1406","1407","731bcd2b","4040637c"
"1407","1408","c0b0b71e","31255dca"
"1408","1409","1930d15c","819222da"
"1409","1410","d269a3fe","398b2332"
"1410","1411","6063ea8c","abb6a18c"
"1411","1412","27461c88","2a296d2a"
"1412","1413","12d30afe","9766e989"
"1413","1414","ddb8b389","00179305"
"1414","1415","ab7c41c2","274fbf2d"
"1415","1416","938f596c","261c5be1"
"1416","1417","9205f3d7","a67a7559"
"1417","1418","8a244797","e8a26405"
"1418","1419","185a8056","54c120d8"
"1419","1420","9eb1fc7f","9e4e53c2"
"1420","1421","e3753610","cc5eaa37"
"1421","1422","76d9d116","7804e7dd"
"1422","1423","a8bef233","904cb77c"
"1423","1424","8fecd6c7","8c676578"
"1424","1425","ea23524b","b0663c97"
"1425","1426","eaf43d8a","64c74a22"
"1426","1427","1ee08214","7610c067"
"1427","1428","cb745324","72218663"
"1428","1429","b3176975","1a47573a"
"1429","1430","2ed3a9a4","d08965e1"
"1430","1431","3b6f4525","0dbf906b"
"1431","1432","b5a1272c","b8cd327a"
"1432","1433","84892102","e24f3c61"
"1433","1434","4e2c9d4c","87e81401"
"1434","1435","84948f81","afa78449"
"1435","1436","41414192","39508bd7"
"1436","1437","2783720a","9a00f11a"
"1437","1438","b8f80194","a7df6ac6"
"1438","1439","596c1167","ee1843a6"
"1439","1440","297253bf","55a58a65"
"1440","1441","169332b0","dfb639c5"
"1441","1442","579e726b","0dd3ad5e"
"1442","1443","bb18e774","824bd0f2"
"1443","1444","66adcd3e","1f32745e"
"1444","1445","5ef065d9","4f20181d"
"1445","1446","e860d061","41325379"
"1446","1447","e51d574e","0173d421"
"1447","1448","d230a142","5431b323"
"1448","1449","dff7d227","2eb82507"
"1449","1450","2c93fd89","873bb920"
"1450","1451","04c2de7d","c65bf0f3"
"1451","1452","ae9a90ff","cf83813c"
"1452","1453","f026102b","f091a194"
"1453","1454","fd25d6e4","996be53d"
"1454","1455","30f3dffc","c208d8c2"
"1455","1456","1ece6681","08cccbb8"
"1456","1457","65335d03","04e843db"
"1457","1458","88cbebe0","d8748959"
"1458","1459","09b2e17e","465ed0a3"
"1459","1460","a2e745bd","601305ec"
"1460","1461","4f993fcc","f3a36b8a"
"1461","1462","5c386d51","63ac169b"
"1462","1463","47583e75","1f4bed93"
"1463","1464","6e0d4dce","0f1ed81e"
"1464","1465","9128c0ab","a45bcd0e"
"1465","1466","c8a49915","6a5e9c14"
"1466","1467","f51607bf","050cb273"
"1467","1468","a0a113f5","491ac3e6"
"1468","1469","f3089c1d","793b9512"
"1469","1470","38c6e21a","0ac85299"
"1470","1471","f1ac6e44","fe7c53ce"
"1471","1472","a54e42f0","136f8241"
"1472","1473","1c6409de","2f64e769"
"1473","1474","dc61b421","39b87153"
"1474","1475","8bbc0eff","38aec0e8"
"1475","1476","0d12d659","dc704587"
"1476","1477","53cca939","81b68202"
"1477","1478","717a608f","c0ceffd2"
"1478","1479","e0251a9e","5f737e15"
"1479","1480","4572908c","b7547b2c"
"1480","1481","033d5c34","893a951c"
"1481","1482","3d36fe51","5ddc3a27"
"1482","1483","dcb1a782","a2dd692b"
"1483","1484","d167c400","f2895356"
"1484","1485","ea18827d","08fd6dfa"
"1485","1486","6fda20cf","05dc8d89"
"1486","1487","5b6168cf","7a73fa98"
"1487","1488","8e128a3a","228d14f8"
"1488","1489","a39ca7b5","92ebaf29"
"1489","1490","384119e4","da5cba5e"
"1490","1491","8eb8c230","5d768055"
"1491","1492","06a363c3","005b6445"
"1492","1493","97ba0185","d77c180f"
"1493","1494","92d75c59","5edaa2a8"
"1494","1495","2dad1049","ee2c23f5"
"1495","1496","e619d11a","2b8e9c2e"
"1496","1497","9915cfc6","fac28839"
"1497","1498","ca78f584","cfad33cc"
"1498","1499","3303745f","bc46b082"
"1499","1500","7297c2af","ec93bcb8"